ResourceID,brocade.id,card,order,ire.isaar.uuid,ISAAR Brocade ID,Original Entity Relation,Original Entity Widget,Original Entity Identifier
714e8d43-67c1-5ae0-bf26-92a8697591bd,tg:lhph:48319,e73_RecordActors,3,d70c69ff-0aa7-5fa5-ad4e-1a8e41b9d48a,au::45328,keywords,"dlod={""name"":""Annemarie Prins"",""ark"":""ark:/83110/x0/d70c69ff-0aa7-5fa5-ad4e-1a8e41b9d48a"",""uri"":""/agents/people/61802"",""id"":""au::45328"",""isCapacity"":false,""orgID"":""digipolis"",""suggestType"":""agent""}",ark:/83110/x0/d70c69ff-0aa7-5fa5-ad4e-1a8e41b9d48a
7d6075b8-90d9-5b8f-a1f9-6604ec1ec4bb,tg:lhph:53778,e73_RecordActors,4,42a22dda-8758-5bbc-92af-6f5eda27205d,au::1042,keywords,"dlod={""name"":""Maurits Balfoort"",""ark"":""ark:/83110/x0/42a22dda-8758-5bbc-92af-6f5eda27205d"",""uri"":""/agents/people/77455"",""id"":""au::1042"",""isCapacity"":false,""orgID"":""digipolis"",""suggestType"":""agent""}",ark:/83110/x0/42a22dda-8758-5bbc-92af-6f5eda27205d
8b0e17db-25d7-5392-95d3-ae0186811033,tg:lhph:53775,e73_RecordActors,4,42a22dda-8758-5bbc-92af-6f5eda27205d,au::1042,keywords,"dlod={""name"":""Maurits Balfoort"",""ark"":""ark:/83110/x0/42a22dda-8758-5bbc-92af-6f5eda27205d"",""uri"":""/agents/people/77455"",""id"":""au::1042"",""isCapacity"":false,""orgID"":""digipolis"",""suggestType"":""agent""}",ark:/83110/x0/42a22dda-8758-5bbc-92af-6f5eda27205d
daf757d6-43b5-520f-a901-bdeb457305a8,tg:lhph:53776,e73_RecordActors,4,42a22dda-8758-5bbc-92af-6f5eda27205d,au::1042,keywords,"dlod={""name"":""Maurits Balfoort"",""ark"":""ark:/83110/x0/42a22dda-8758-5bbc-92af-6f5eda27205d"",""uri"":""/agents/people/77455"",""id"":""au::1042"",""isCapacity"":false,""orgID"":""digipolis"",""suggestType"":""agent""}",ark:/83110/x0/42a22dda-8758-5bbc-92af-6f5eda27205d
b4572eb3-39ff-58bd-80e4-938845f41424,tg:lhph:53392,e73_RecordActors,3,23459462-2958-552a-b5b4-f47204132818,au::5386,keywords,"dlod={""name"":""Fé Derickx"",""ark"":""ark:/83110/x0/23459462-2958-552a-b5b4-f47204132818"",""uri"":""/agents/people/90004"",""id"":""au::5386"",""isCapacity"":false,""orgID"":""digipolis"",""suggestType"":""agent""}",ark:/83110/x0/23459462-2958-552a-b5b4-f47204132818
0f41f854-9e7a-5110-880e-2c123fbeb7f3,tg:lhph:53777,e73_RecordActors,3,42a22dda-8758-5bbc-92af-6f5eda27205d,au::1042,keywords,"dlod={""name"":""Maurits Balfoort"",""ark"":""ark:/83110/x0/42a22dda-8758-5bbc-92af-6f5eda27205d"",""uri"":""/agents/people/77455"",""id"":""au::1042"",""isCapacity"":false,""orgID"":""digipolis"",""suggestType"":""agent""}",ark:/83110/x0/42a22dda-8758-5bbc-92af-6f5eda27205d
