{
    "Metatypes": {
        "b9ffd5fa-c512-44a6-b1c2-87fd1e3cd519": "Activity Type",
        "f3b206ff-9cb0-4819-b9c6-17d14e4b4749": "Actor Type",
        "6bdffb5e-9f5b-44f7-a3a6-11cf81219fd8": "Address Part Type",
        "a0e096e2-f5ae-4579-950d-3040714713b4": "Appellation Type",
        "d3b75e3a-638e-490e-8d1b-bbb5c504ce94": "Association Type",
        "9501a49f-024d-49b3-819e-43aba87db901": "Audience Type",
        "f2054168-b8dc-416a-b6df-f5aff733c0c3": "Certainty Type",
        "62f3f620-ea25-46c8-9a7b-dbadf23aa874": "Classification Type",
        "f73d5ef5-b158-4046-9b57-662fd64c2c11": "Component Type",
        "ffcdfdf2-0222-473a-934d-58dc6a703cbf": "Condition Type",
        "ce6cea2d-dd71-463f-8fd3-baa6c5c883a5": "Contact Point Type",
        "561dc137-3557-4e2f-986e-a8855cad74cf": "Copyright Type",
        "5a88136a-bf3a-4b48-a830-a7f42000dd24": "Currency Type",
        "59a0c936-3f60-44f9-9e37-67b6ed0f4fa4": "Date Qualifier Type",
        "6fbe3775-e51d-4f90-af53-5695dd204c9a": "Description Type",
        "823d2c4f-39ad-47d4-89b4-726ef167534b": "Dimension Type",
        "f374ed0b-9eb6-4049-a491-50825b34bd89": "Dimension Type Qualifier",
        "29883a1e-2323-467d-9c2f-e54ec09e2817": "File Format Type",
        "bb33f953-2a12-44ed-9fe7-4cd5023104cc": "Historic Period Type",
        "32a54911-34ed-4f2d-a74b-4db436c69909": "Identifier Type",
        "9d51623c-3994-4074-9ed9-2abf04330ae6": "Information Object Part Type",
        "48b0ffe8-d72c-4152-9e00-24910d60202d": "Information Object Type",
        "d5366899-09ec-4db1-8a49-a32b7e4784e3": "Language Type",
        "d03ff048-0234-49c0-919b-c0c2376d7cb0": "Material Type",
        "495ecc6a-a265-434b-8708-d6b76bd9a30e": "Measurement Unit",
        "e3d9c240-026a-4c1b-8a8e-0ec72541d32a": "Nationality Type",
        "dfd57433-f8e3-4bbd-905b-885ebea87455": "Object Type",
        "38d853c9-da1f-4186-9733-adfa70d84195": "Organization Type",
        "1d5c7465-7225-4bca-b1df-045a86e286b2": "Ownership Type",
        "7dd34909-382b-4b38-adba-cd002ec155bc": "Place Type",
        "4fa77fc1-252a-4930-a756-71dca73aaf31": "Production Method Type",
        "496b4a50-3325-4704-b1c5-57542dc62011": "Production Technique Type",
        "64a037db-7e7b-4d0a-afde-f505e1bee2b6": "Record Type",
        "7346be23-bff6-42dc-91d0-7c5182aa0031": "Reference Type",
        "ea247fba-c90b-4a96-b36e-675690b69d4c": "Relation Type",
        "3dcc94f2-fe86-4286-b87f-047f13c8355a": "Resource Model Type",
        "b81d4b16-0633-4d7a-b4b2-5c2d3e2e782e": "Role Type",
        "c9bc15cc-46fe-4d34-a530-a228854845c8": "Status Type",
        "7fbf88a6-7e23-47e4-8739-f494d7ff8084": "Subject Type",
        "61d66bbc-8507-45a8-90ba-a0dde7f5ba33": "Title Type",
        "c5dff791-a4ba-4d0b-a51c-86d655663953": "URL Type"
    },
    "Identifier Type": {
        "e6e5d83e-5c54-4793-b42e-e894602ef42b": "aanwinst identifier",
        "b6fad5a7-6082-46bd-b692-3c70190f2101": "aanwinst nummer",
        "134e2be2-2f02-4b07-96e4-2bf5abf549fc": "accession numbers",
        "dc6d353f-d1d2-4b0d-9494-56fad05630df": "archief identifier",
        "9cdaeb56-c436-4947-a5a4-a5f1c542d67c": "archief nummer",
        "1984e398-adba-4a02-b0a7-d14f3cea5fcd": "bewaarinstelling identifier",
        "03aac705-48e3-4ecf-8479-702c9a50101f": "call numbers",
        "ed76c83f-f8f2-477d-bbcc-dc109c634a6b": "classificatienummers",
        "80d39bfa-a79f-446e-8590-6bfd1dcc924a": "geonames identifier",
        "34bbdaec-0631-4167-a8a5-70e94717d302": "inventarisnummers (objecten)",
        "b3871a8f-8453-4e05-8fe2-cc3e77632a4b": "object identifier",
        "8115151c-82bf-4a73-bda9-cbc7b035ef5b": "plaats identifier",
        "4eb6dd3a-ea39-4487-b91b-9d2ed024d14f": "plaatscodes",
        "7f9e484d-5a5a-4b43-a1ad-4e39d592a5db": "record identifiers",
        "6f1a69d7-273e-4d25-a625-6818cd31e367": "referentienummer",
        "a1844d4d-d6d9-44d7-b23d-b0a98a95fd7f": "repository numbers",
        "ae0ad600-9b1b-460e-b2c0-878923bf0457": "shelf marks",
        "9d04db91-3e41-44ad-8570-88027b516ab4": "uniform resource locators"
    },
    "Taal Type": {
        "8b274543-2577-4fb3-8f01-8eee47291a57": "Ancient Greek (language)",
        "88071f2a-e9e8-4c2d-88ea-65196aa3af3b": "Deutsch",
        "ea8f9cb3-e4c8-4a35-934d-da555c07d82c": "Duits",
        "048fca15-5c29-4911-ab5b-2b767b9b5fec": "Dutch (language)",
        "ab9a26b2-3a41-4629-a90c-35ba3bd33272": "Engels",
        "c5ae6a5e-486f-441f-a7a9-36b5d8be98b5": "Englisch",
        "91fa8fc1-02d0-4070-b2ff-f0c508e7d0a5": "English (language)",
        "4344e1a5-309a-4982-a237-b3f3bb376a7d": "Frans",
        "b73cf496-a0bd-4a71-8cae-12791e663c64": "Franz\u00f6sisch",
        "42c75f0c-35aa-492b-aa49-eef86f809e80": "French (language)",
        "3f952f97-51ca-4d3c-b5b1-96007a1c12f9": "German (language)",
        "9a2600e6-bd2a-4b34-ad9f-308940fdd3be": "Greek (language)",
        "670c2895-6277-4dab-8053-9493fa1a2af4": "Griechisch",
        "9dd4671f-1920-4589-a6c2-787b886c594b": "Grieks",
        "61522460-134a-4788-8d60-8ebc48a06660": "Hebreeuws",
        "c8c58e09-8180-47d6-86c2-0e138bfb1d16": "Hebrew (language)",
        "3f329121-f7ca-47b8-babb-e12076ed511e": "Hebr\u00e4isch",
        "dc421a24-1df9-4707-b6e0-14a99e717b8e": "Italiaans",
        "c039c8dd-2729-46dc-a7e6-1946678b4633": "Italian (language)",
        "4d256fb8-aa87-4f76-8fd1-58b27417a092": "Italienisch",
        "b6b91275-0d33-4764-b0b5-ca6f8939080c": "Latein",
        "b2b3ad9a-1e66-4e44-95c8-d46b97bc5dfb": "Latijn",
        "cc04e1f3-aad7-487c-8118-8dae861ddb7b": "Latin (language)",
        "47bda70e-c01d-4079-82f0-ecccd3056604": "Low German (language)",
        "1301bf70-f156-4381-9a18-c37a22f028b0": "Nederduits",
        "2af5e05a-ea73-4272-9fea-c827792a41a0": "Nederlands",
        "93ce950d-0884-49b2-998f-8397c46e241c": "Niederdeutsch (language)",
        "899195cb-3839-4b5a-85b4-7300a2ea2751": "Niederl\u00e4ndisch",
        "d562eb2e-6ae9-4d21-811c-28bb801a6ad1": "Norwegian (language)",
        "fe0ed1df-8114-493f-8afc-a43095e60553": "Oudgrieks",
        "d85dd5ec-0699-41ad-ae3d-f551d682775d": "Portugees",
        "298ea3f0-0408-4df9-94c4-1f66e299dd2a": "Portugiesisch",
        "ac1f3db2-6d62-44ae-b9d4-bf4eb675f6e9": "Portuguese (language)",
        "7cccb408-3008-4023-9a11-943158e52774": "Schwedisch",
        "88c0da32-8126-422e-93bf-335448ecb961": "Spaans",
        "39e99fa3-955d-44a1-868e-5264fcc31b4a": "Spanisch",
        "235263bc-6e4f-4b4b-ba9b-fc3d8389a96b": "Spanish (language)",
        "7929b069-a204-4d2e-941b-f74e756a8b56": "Swedish (language)",
        "63c57953-d231-4e7d-b830-e7c85e2c3725": "Zweeds",
        "be24b195-346a-4d46-a333-d217e37f1faa": "allemand",
        "a5011018-aa6c-4b9e-a094-e946a4d064a8": "anglais",
        "2f60371c-da01-4628-97fa-1027a2dee8d1": "bas allemand (language)",
        "253323aa-ba35-4481-ba8d-acbab8e7e89a": "espagnol",
        "e0e75d72-6b45-4eb0-9ec7-2534d27bb843": "fran\u00e7ais",
        "cec1012d-f525-4bf9-aec0-5c4a6342c85c": "grec ancien (jusqu'\u00e0 1453)",
        "724f7ff2-5374-4810-b3d5-59d1c448a943": "h\u00e9breu",
        "71a0676d-3c2f-4014-a776-2147ca721d01": "italien",
        "d6414c02-094d-4ffc-971c-4ff6806cd139": "latin (language)",
        "7af15148-9549-4a0b-a501-2b3ccc656f2e": "n\u00e9erlandais",
        "6311dcfb-d97e-4552-a74c-d82469ca9a94": "portugais",
        "f25085b4-9e02-4007-b811-aee5c747e241": "su\u00e9dois"
    },
    "Annotatie Type": {
        "0e7d5654-87d4-4c57-8088-9aaa62c24945": "commentaar gebruiker",
        "56462abe-e4df-4b7f-8df5-9660ab84b51f": "condition/examination description",
        "cc609dde-4155-4797-a39d-3e57e71afc91": "gerelateerde kunstwerken",
        "77fa8c24-6fd9-4054-ad94-c7f7bd7bebdd": "groepsbeschrijving",
        "4361a8fa-9a9b-463d-9bb5-78bebae92f76": "inscription description",
        "7326538f-f581-4fda-9d8b-1493ce028b77": "production date note",
        "98aff9aa-2619-451d-b655-2df5331afb08": "provenance description",
        "d99638a6-215c-4596-93c7-0a8f75933950": "remarks",
        "74201a73-aaf7-4a57-a140-5c87d9338994": "voorlopige standplaats"
    },
    "ISAAR Relatie Type": {
        "62c19feb-cf94-4fd1-a8a6-ddc5d70b58ed": "Architekt",
        "7afbf6c1-b207-4ade-9147-c0b7bba68cd4": "Designer",
        "7c6a7077-a83b-4d0a-8476-8285bb3428e0": "Fotograf",
        "ad85ef4b-015a-4439-a738-6bbb6c4275f0": "Illustrator",
        "5027b4d6-7641-4ba8-be2d-d2040a41d2a2": "Komponist",
        "49d7031f-2dfc-4484-a3ef-36ddaa343d2e": "Lithograph",
        "699abd8e-3a46-46e7-8201-f4151447f6c3": "Schreiber",
        "8f906f13-fa70-4666-ad3f-b36ff781cfe1": "Schriftsteller",
        "fe8dd696-7c5b-440e-bfb7-b4ea14037868": "Verleger",
        "ffc4e8f4-1fe3-40da-9660-a0f851a0e703": "aantekenaar",
        "a4292f08-0811-45e2-a3b0-a4c8bd8cbeb2": "architecten",
        "de4e1151-3c48-490f-82aa-94ffc241a351": "architects",
        "208964fe-6008-428d-8684-1f3891188cc7": "artistas",
        "ed632348-d087-4d47-bb3f-87bae19f1baa": "artists (visual artists)",
        "3fd32d0b-4ba1-4a3e-8b08-9909b2ea94c5": "auteurs",
        "aaead8e5-8c2b-4b80-86b5-53d489e4f4f4": "authors",
        "b3f830e3-6fe4-4578-a96a-b61f2f236d80": "begunstiger",
        "b6a1dcf7-495d-4e9c-8609-5167860c337a": "bewerkers",
        "6d34ddc8-541b-46a7-b571-11c543710305": "boekbinders",
        "f01a9b52-fb1d-4a82-9cdb-40e43c35eb1d": "bookbinders",
        "3cc1272c-4fbf-446a-b336-6008ed834060": "casters (people)",
        "aed051d6-bc3e-4d1c-851b-a875dc0cb2d5": "componisten",
        "6f753e82-b8e8-40be-bae9-aded2fec0de1": "composers (people in music)",
        "bf059aa9-9856-4b85-a2b1-54fe6cec748b": "correctors",
        "cfb96db7-dff8-4f0b-acc5-eb48932513b2": "correspondenten (correspondentieschrijvers)",
        "acfc66e3-c471-482a-9b33-f87e75165b12": "correspondents (correspondence writers)",
        "850e5c06-98f8-4099-9e18-b370a0e70917": "dedicatees",
        "ee340075-90c8-4eca-a9a1-d914b6748564": "designers",
        "5a45657d-bff2-4d26-bb09-7f98416437ef": "directors (performing arts)",
        "54138f57-cddb-4692-a0e1-101ddb89848d": "drukkers",
        "4fc67634-ec8b-4432-8f43-9e28940377a9": "engravers (printmakers)",
        "a184ac8f-901b-4be9-8cf8-add90b1c8b6c": "fotografen",
        "cb6523ea-fb00-4ea8-bca8-02a4d8ecc97a": "getuige",
        "9663ec18-eccd-428f-83bd-4bdd96a13b60": "gieters (personen)",
        "cf1b5b72-e601-41cf-92f1-3a5d11b60ce3": "graveurs (prentkunstenaars)",
        "9c2ca003-2327-4080-92c4-4aed34685215": "illustrators",
        "a3aa23ce-301a-4ab1-bcbf-0ff2b8707b4f": "illustrators",
        "8bfeeea0-88c5-43ed-8829-0310d868d260": "keywords",
        "ec4aa38d-f418-4d58-a115-e7d8d88ce657": "kunstenaars",
        "422e996a-f38b-4aec-a5ea-d2773f770019": "lithografen",
        "b9a854f4-51b9-4acd-8e30-c363fc9fb3f6": "lithographers",
        "63243824-7665-4d6a-8a89-0fd345cf333a": "makers",
        "3b446394-83d0-480e-93ba-5da131bced5f": "makers",
        "76504717-e418-40f8-9fd5-d69633cf0e5c": "ondertekenaars",
        "7bf1ec6e-d0c3-4711-914e-437c8d8f6e7e": "onderwerpen",
        "4c18a4ab-fd22-4890-80fd-c832d35eaa0e": "ontwerpers",
        "3a619a30-be93-4f46-916e-9be6e2891e86": "opsteller",
        "84a03cd8-40ed-492f-9f85-0db5cd61743b": "original artists",
        "a874f91c-0a88-4e07-9fec-667014d5c1c1": "originators (administrative)",
        "8b76ec1b-8030-4ecf-8d60-521163042413": "photographers",
        "610cb8e3-018f-477a-8625-8d34d42cfb67": "printers (people)",
        "2874bdc5-ba18-44cb-a262-8d1dddd1c967": "publishers",
        "e1065d1f-9863-4071-9b65-a0f91cdfaf3c": "recipients (people)",
        "ee8fe3c7-efbd-460f-8f2e-ee97f3ebeb11": "regisseurs",
        "8374fe65-be1c-45d7-8c7c-6e361905cf81": "revisers",
        "d11af61f-bfc9-4561-a54e-b3c93c23e11d": "schrijvers",
        "590fef40-67fd-4fa2-a232-584305bf13df": "signers",
        "56396306-fdf1-42d4-a080-8169f1f23afc": "subjects (content of works)",
        "3c44e963-5ae4-4f0e-97a9-5c524ffb2070": "toegewijden",
        "3fff69f4-b38b-4697-9a6f-d9219b10708c": "translators",
        "7f69ee22-9fef-4fd5-8c66-3a8410a39424": "trefwoorden",
        "22caaba8-69b4-4d83-9506-ca8069ae1d34": "uitgevers",
        "1a863816-3b65-43e7-949b-5bbb4bb60b7b": "vertalers",
        "9bb1b7fc-325c-4ad2-8096-f590f81c07a6": "writers (clerical workers)"
    },
    "Externe Relatie Type": {
        "23daca00-b373-423c-83b3-609f25bf3798": "andere",
        "44c5898f-e5aa-4c57-95c6-7e0e9beb3911": "bestaat uit volgende delen",
        "e182cc64-0943-4e1b-96cc-521834776aca": "deel uit reeks",
        "2291f700-9183-41d8-9a5d-c3cac4a799d2": "gebaseerd op ontwerptekening",
        "4f504a44-b688-4590-ace5-3d10e4dfc207": "gebruikt voor",
        "0e35e9d9-1e2e-467f-8000-7f59158a816a": "gerelateerd object",
        "8f96e9b2-93e7-4095-987a-36716249f7ea": "gerelateerd onderdeel",
        "64a66764-252e-4959-9f4d-7370000f4ac5": "google books",
        "1b869c10-035b-4ab8-a0bf-c31f83ba838e": "ontwerp voor",
        "ea920cda-5260-4060-b3b7-76f50477b946": "relatie naar geheel",
        "7cc347ef-e25c-4026-94c6-b82c83a7fc24": "volgend register",
        "ea14cc06-34dd-446c-8b5c-7e11b02a3224": "vorig register"
    },
    "Object Relatie Type": {
        "23daca00-b373-423c-83b3-609f25bf3798": "andere",
        "44c5898f-e5aa-4c57-95c6-7e0e9beb3911": "bestaat uit volgende delen",
        "e182cc64-0943-4e1b-96cc-521834776aca": "deel uit reeks",
        "2291f700-9183-41d8-9a5d-c3cac4a799d2": "gebaseerd op ontwerptekening",
        "4f504a44-b688-4590-ace5-3d10e4dfc207": "gebruikt voor",
        "0e35e9d9-1e2e-467f-8000-7f59158a816a": "gerelateerd object",
        "8f96e9b2-93e7-4095-987a-36716249f7ea": "gerelateerd onderdeel",
        "64a66764-252e-4959-9f4d-7370000f4ac5": "google books",
        "1b869c10-035b-4ab8-a0bf-c31f83ba838e": "ontwerp voor",
        "ea920cda-5260-4060-b3b7-76f50477b946": "relatie naar geheel",
        "7cc347ef-e25c-4026-94c6-b82c83a7fc24": "volgend register",
        "ea14cc06-34dd-446c-8b5c-7e11b02a3224": "vorig register"
    },
    "Kleur Type": {
        "275d38a0-db9a-4685-bee3-3ccf95c22c94": "Blau",
        "603162b6-3640-4ad2-b0ad-b4abd015dcb7": "Braun",
        "344b0a17-dd24-48cf-b51b-5e3390985e5a": "Gelb",
        "85bdafdf-2cd3-4d1c-879b-30baea2b9da4": "Gr\u00fcn",
        "c275395c-0388-4599-b984-98d6dcec0a48": "Karton (Papier)",
        "9c329015-d2d0-4148-ae9c-a1c794918391": "Orange (Farbe)",
        "92bd8e08-cea8-423f-96c3-75f7f5d4cd9f": "Rot",
        "77a7839f-6cc4-4c66-a962-cfb3499d126b": "amarelo",
        "1c4403b3-4830-4ecb-bdb6-69f36bf3ebbc": "beige (color)",
        "215d7523-8746-4405-8b34-f44995bea435": "beige (kleur)",
        "8be06c20-0c03-499d-a14c-fa56368f51ca": "black (color)",
        "fd6a47db-c726-4822-ad73-1eed5fe00f2c": "blanc",
        "c3bb4c64-147d-416d-a58f-a7206d2b6d68": "blauw (kleur)",
        "a4f958c1-79ab-4e96-bd88-87ac6d5b46c4": "bleu",
        "41a318ff-4b93-4a00-a681-efc53ac89d69": "blue (color)",
        "0f71af00-d39e-4184-ab77-ebe382bfdb30": "branco",
        "3ab85582-c9c3-4b3d-b8e1-91bb25b31e15": "brons (kleur)",
        "3910cdc2-1a8f-44b3-8785-f8641fa7036f": "bronze (color)",
        "5016f3ab-8462-42d9-a36c-3632caa72445": "brown (color)",
        "0fad88f9-022c-49d8-865b-606b9a30aebe": "bruin",
        "27e52b63-d384-4cf0-b3eb-9031f1866423": "brun",
        "1d084b5f-9888-457b-ba08-f596ac57a509": "cardboard",
        "e0f4d718-acd5-4bb5-8354-8840af21be30": "carton (papier)",
        "8033ffcb-70ba-4821-9faf-9d238425ba5b": "cream (color)",
        "4c9932c0-1e54-4b27-85bc-50bb733860dd": "cr\u00e8me (kleur)",
        "993b0f8c-3ad0-42c7-83f4-542fa57fd46f": "geel (kleur)",
        "3e25e768-b955-4286-b9a3-e8886d94b671": "gold (color)",
        "9dc416ad-485e-4d3d-88c1-b76dd5397940": "goud (kleur)",
        "7e5486e3-5132-466c-a4f1-2c459e933482": "gray (color)",
        "f795475d-9f0b-4bcb-888b-5a2df9db7714": "green (color)",
        "fa0900e6-6edc-443c-82f9-b7eba90f63f5": "grijs (kleur)",
        "2cfe6cec-d8b9-4204-8edd-8cf9bfcc68ed": "groen",
        "2fd7eafe-0376-46de-b750-5d673c7b7ceb": "ivoorkleur",
        "92d9244a-9584-41b5-8b53-de58d08ce407": "ivory (color)",
        "026c5e38-a97f-46f3-b85c-a9b754dcf380": "jaune",
        "09e1ea38-546c-4714-baab-a298329262e8": "karton (cardboard)",
        "02d548d3-6415-4abe-9ff4-44b258ab24fc": "laranja (cor)",
        "6cdea8df-e9cb-4fa1-b600-65bdfc4a05dd": "ocher (color)",
        "a86483fa-960c-4b56-ba36-ee29b43454cb": "oker (kleur)",
        "b0d315aa-2d43-4621-89a2-045571316180": "orange (color)",
        "9a1bd410-8251-44d3-8192-3fb0921058a6": "orange (couleur)",
        "c6623b4e-e18f-4831-bf7f-1f7a660426c2": "oranje",
        "9945e09c-be77-4d9c-a108-49b6e49c281b": "paars",
        "dfff6c2d-3be6-4806-a8c3-4a1072a28e7e": "pink (color)",
        "e4a95d47-3bf7-477c-a324-4e916a23b629": "purple (color)",
        "a44bf729-f2b8-4adc-b0bb-ca1966567321": "red (color)",
        "0f12729d-e442-4912-87a7-751b5be18847": "rood",
        "518cdc58-906c-40d4-9af5-5096fb47cdfc": "rouge",
        "3d784000-9e40-4c64-9833-e178cd3b2a38": "roze (kleur)",
        "83123a40-dc1a-4374-8a76-47f0a07b6363": "sepia (color)",
        "08177c6e-8da6-4b27-bb14-bcff0315d395": "sepia (kleur)",
        "7607a516-02c6-45a4-9237-fa8364bd89e9": "silver (color)",
        "2e973b1b-3a82-4a1d-961d-849f824c45e6": "verde (cor)",
        "7360d846-6b17-4376-90e6-05f9461d9671": "vert (couleur)",
        "b4ed4594-ac1c-46a4-938d-c0247bfe4ca9": "white (color)",
        "587942a6-ea14-436c-9de5-705bda79ccf0": "wit (kleur)",
        "366a90b7-2509-448e-bcc6-15565ce31050": "yellow (color)",
        "65f4fcd7-f1ff-4dee-bd48-0e0bc96c0861": "zilver (kleur)",
        "a3e35d91-ba45-4fb9-8cf9-a31306519411": "zwart"
    },
    "Object Deel Type": {
        "c781e0b7-3e3f-4c92-827a-3438020f9a88": "Leinwand",
        "5801ab66-2dd1-431b-8cd9-0cd8ea813728": "cadres",
        "cb9b023e-ce8a-4ab7-af48-6e7dc8d5fcbd": "canvas",
        "3967bec8-2b07-46a4-8290-7ff44a4272b5": "canvas (textile material)",
        "812cb339-ba96-4971-911d-dd62ae0ab51c": "frames (protective furnishings)",
        "b96da506-cb18-4bac-9382-7413ba80154b": "glas (materiaal)",
        "3be08225-b343-44a1-8c12-ae61e30c321c": "glass (material)",
        "f23f7c89-3eb0-4451-933e-22db04a90abe": "lijsten (interieurinrichting)",
        "6bb8162d-debf-4b1b-9f98-ceedb6e99ca1": "sheets (paper artifacts)",
        "44e9297b-72b6-4ea7-a7b9-8be2440a4da7": "toile (mat\u00e9riau textile)",
        "f95cba42-11ea-4c15-9c30-7dd871621016": "vellen (informatiedragers)",
        "e51dcf2a-8447-44c6-a361-2038b680515c": "verre (material)",
        "5bcea258-7dd3-4575-abce-6e56b2228f24": "\u00e9coute"
    },
    "Drager Type": {
        "ea48a3ad-e42b-44da-b011-f18aa5aafe94": "Eisen",
        "668cb0c9-5b48-4e0c-bfa5-1557e4244003": "Elfenbein",
        "60f740e9-2335-47cb-8339-317a738c052f": "Japanese paper (handmade paper)",
        "d34d0159-3f5c-4ccb-ad65-46686588426e": "Japanpapier",
        "0e95f054-7234-4811-991f-9c5cb02c2cd0": "Japans papier",
        "c275395c-0388-4599-b984-98d6dcec0a48": "Karton (Papier)",
        "58ef5707-2b86-4f8d-8df6-1af2328884ee": "Kupfer",
        "c781e0b7-3e3f-4c92-827a-3438020f9a88": "Leinwand",
        "d2d49d2c-49ed-4092-89e8-465d6b2e0d63": "MDF",
        "0f780fef-62db-4fca-b153-ccb76704c062": "Papier",
        "98fd6713-045c-47a0-b6ac-524331b95f0f": "Pergament",
        "6f8e5995-367d-4bc4-95ea-411b1b068703": "Silber",
        "13bad573-e1aa-4094-b9f9-e69ffb1acc95": "Stein (Objekt)",
        "138f4d71-2f13-4867-92b1-8f00102bdf7c": "acryl (thermoplast)",
        "f783d466-470d-4ddd-9c6d-81ed59b1cb99": "acrylic (resin)",
        "4333fe8a-8be3-4c6b-a8cd-0edd319af50d": "acrylique",
        "61f6fa8f-8024-4ab1-b191-7d0e35893979": "aglomerado",
        "fdc83a4d-6935-4ef4-ba1b-5909adf90fe3": "argent",
        "eabe6e4c-01c9-494e-8cae-7dc10d58aafd": "asbestcement",
        "dcd7c919-a8c6-4455-8064-d5d594394504": "asbestos-cement",
        "1d9b1825-60ff-42c6-91d5-eee6e4919c2e": "bark (plant material)",
        "450c479d-8e37-476f-910c-8eb83ecfea6d": "bois",
        "990269e1-b4fa-4002-a456-a99bb20d48a4": "brons",
        "6f9285d6-43dd-46da-89d5-554d2ea00b63": "bronze",
        "a7340c06-18b7-4b52-8830-2cade152020b": "bronze (metal)",
        "c62b7c48-cffd-4f7d-b7ae-40780791815c": "bronze (metal)",
        "84f79f05-05f1-4299-b677-cc6bfeba1b7f": "cadernos de esbo\u00e7os",
        "a1696bab-36ce-414d-bc08-cfe86ce378bf": "calqueerpapier",
        "cb9b023e-ce8a-4ab7-af48-6e7dc8d5fcbd": "canvas",
        "3967bec8-2b07-46a4-8290-7ff44a4272b5": "canvas (textile material)",
        "109bb144-c852-4116-9076-7c3ab7865aa7": "carbon paper",
        "b14fe10f-fc83-4c5f-b111-ab7a4eaf99af": "carbonpapier",
        "1d084b5f-9888-457b-ba08-f596ac57a509": "cardboard",
        "20a35bc8-57bd-452a-a2a1-1fcec46190f8": "carnet de croquis",
        "e0f4d718-acd5-4bb5-8354-8840af21be30": "carton (papier)",
        "a55c66a6-9ff6-4b2f-9d9a-29e4b78f126c": "cobre",
        "04c2980c-54a5-41a0-9f2b-16e0face93aa": "contreplaqu\u00e9",
        "2e15a2af-7e83-4475-9293-5570f8a1b91c": "copper (metal)",
        "de2871d1-670d-48c5-9b5a-7a4675741c6a": "copper plates (printing plates)",
        "08def99a-2bf6-4e9a-b76e-68b5b07abc3b": "cuir",
        "2912d58f-0bb1-426d-b57b-e7cfecf5c4ee": "cuivre (metal)",
        "6feaefb3-4dde-4695-8e26-bc2dc95f1045": "epoxy resin",
        "b884d495-7a13-4783-bb5d-d55a3f9ccab2": "epoxyhars",
        "dea76033-81d5-436f-9900-08062c4476da": "fer",
        "30522bd0-6aef-40a0-a843-4cee67ecef03": "ferro",
        "b96da506-cb18-4bac-9382-7413ba80154b": "glas (materiaal)",
        "3be08225-b343-44a1-8c12-ae61e30c321c": "glass (material)",
        "a05c99d4-1934-4e65-bebc-6de17318b70e": "handgeschept papier",
        "d9916590-6732-4cb4-a6cf-ab0cebbf0359": "handmade paper",
        "6705dac8-b3e5-4c3b-b626-beacfbcef371": "hardboard",
        "ab5c4b18-1dd3-45e1-b0de-6f61d344bc4b": "hardboard",
        "85ab7a35-5fe7-44cc-aa70-200b4f267368": "hout (plantaardig materiaal)",
        "1a01f212-d2c1-4de5-a748-5f816d599fe8": "ijzer",
        "3899bef8-b3e5-4eba-930d-60d09cbecd1c": "iron (metal)",
        "5ea01c02-5bfe-4c38-a1bb-78b820338083": "ivoire",
        "d61d44f8-4557-4a68-af05-821e623a9f26": "ivoor",
        "855709fa-0c73-4388-86f6-2dbffbab891c": "ivory (material)",
        "09e1ea38-546c-4714-baab-a298329262e8": "karton (cardboard)",
        "72914f71-95b2-4559-b04c-b47298c0036a": "koper",
        "663bff36-e522-4d08-9520-814cac5c012f": "laid paper",
        "078a1d2c-650d-457a-b793-4a097bdd7820": "leather",
        "4af05c58-95e6-4369-b686-b6673b2ec97f": "leer",
        "1214d6a0-0847-4980-8da1-f92d7f3502a4": "linen (material)",
        "425167b2-8a94-44d7-b996-34fc57248635": "linnen",
        "90fe3579-d391-415a-9b31-a2cab35f087f": "medium-density fiberboard",
        "3b8463e1-50b4-4e0e-8d9a-666af537fea9": "mesh",
        "a8284c9c-8313-498e-8447-c4acb82aff7d": "metaal",
        "f46d78c3-be88-445b-b014-d2e9c40e4c46": "metal",
        "e59b4a24-82bf-4cfc-9696-84fb297fbc9b": "m\u00e9tal",
        "4b8b5294-de00-468f-9f6c-a1bb6204a49e": "natuursteen",
        "6efaf098-21ec-41c5-a173-a1e8fa063f37": "panel (wood by form)",
        "1386f883-6a16-4498-b2f3-6acc1322e37f": "panelen (hout)",
        "4b65e70b-a175-41c4-b99c-536e672e9647": "paper (fiber product)",
        "dad4630d-218b-4df9-bd55-107d3ab04bc8": "papier",
        "ed0fb2ec-4910-4ca2-8118-a709db7f1ce7": "papier (vezelproduct)",
        "62816979-aaff-41f0-9e61-3f1e3c699c6f": "papier Japon",
        "4e2e7d59-8688-4cbb-9107-b96b1208bcd0": "papier calque",
        "f08cd056-b7b0-4732-b7b3-c21c929090b3": "papier carbone",
        "17db3efc-8bb1-4267-9f81-bff456f48312": "papier verg\u00e9",
        "63c68fa9-23a7-4725-a3ad-2153a8db948e": "papyrus",
        "9206dae3-765a-402e-8c59-b9a1f2572fae": "papyrus (fiber product)",
        "d56c333e-e376-42a4-ba89-aedf44c0d730": "parchemin",
        "6e9f1b3f-9f14-4f22-9b99-8d689579013a": "parchment (animal material)",
        "6068555c-cf1a-4431-9ebd-aff58e259746": "particle board",
        "85f16ced-144b-437d-947e-559a18b2f094": "perkament",
        "12c5fba4-2a4e-4f5a-93fc-dff33fd51ed1": "pierre (rock)",
        "37ee75d1-3665-47a6-b46b-8a361876e64a": "plaatgaas",
        "bb7d6779-250c-4826-afaf-14411624e00c": "plastic",
        "ec2a761c-4bef-4e76-8c14-fb57a97a32e2": "plastic (material)",
        "7fb6ecc9-faa7-4377-85fd-afe0417b5a1b": "plastique",
        "4bc7a189-ce1b-496b-bd7a-5b2b899ac272": "plywood",
        "c1beb8c7-df38-417b-aced-d683b639cc1b": "prata",
        "daa5796d-3c08-4332-9c43-ba00414a7373": "resina metarilica",
        "f89f0438-3b94-44cd-a049-0df982295dcd": "r\u00e9sine \u00e9poxyde",
        "49c63c56-70c4-49e5-adc0-73f59ec50664": "schetsboeken",
        "91ca0f78-4742-4366-9b88-9dd5dbdbdbea": "schors",
        "b97d64b3-e0b7-4464-b990-8daad11106ec": "silk (textile)",
        "0d1b3deb-00a2-468e-b129-2b6ea90f5a7b": "silver (metal)",
        "0387c46b-2fee-4608-a05c-9739af4c0344": "sketchbooks",
        "83442018-c70f-4087-8f19-367a3eb74b18": "soie (textile)",
        "f8c260be-9dee-4a88-a14c-7ab35d23165b": "spaanplaat",
        "b1956302-941c-48ac-b646-6785cccaff53": "stone (worked rock)",
        "bcfb1298-6732-4caa-b41b-5363a0a66430": "textielmaterialen",
        "df882d2c-8ec5-4dac-b8c5-138a948a4d01": "textile materials",
        "c7da3788-a1bc-4a6e-b56d-d1bf22d33f50": "toile (linen)",
        "44e9297b-72b6-4ea7-a7b9-8be2440a4da7": "toile (mat\u00e9riau textile)",
        "eb6fb435-dd13-44f2-a5cb-1ac2f238a183": "tracing paper",
        "64ea32b4-7f50-47cd-b90c-e814af09f820": "triplex",
        "0815d5ea-f0d7-445d-a26f-198e45f15237": "verg\u00e9papier",
        "e51dcf2a-8447-44c6-a361-2038b680515c": "verre (material)",
        "a71f57cf-ed17-405a-9bec-bc126cec59b1": "wood (plant material)",
        "98c66fc0-2997-473e-9f35-2fa23f78319e": "zijde (textiel)",
        "676ebc83-a66d-4ce9-91e0-55bea220e031": "zilver",
        "50d13885-75f1-46ca-b1b9-32a8c85bb224": "zinc",
        "93d9e6d2-7f85-4458-9943-b5f0cd588ba5": "zinc",
        "2b86a9a7-3a53-4cef-8d12-c3dcce3fad94": "zink",
        "d68ba9b0-7cd4-4c5d-b5f7-79d1bd043608": "\u00e9corce"
    },
    "Datumbepaling Type": {
        "276beff5-0359-4757-835e-bb10265fde34": "centuries",
        "cfdc5c7e-1489-49c8-8203-5a158bd80e80": "circa",
        "06507861-9131-4dd9-af5a-d287623c0c39": "datum na",
        "de7cb0e5-7967-4d96-83cf-a1845d2070fd": "datum v\u00f3\u00f3r",
        "7920ea60-b0bd-4322-867f-f5557162ef71": "eeuwen",
        "cd43469f-aa2e-4380-a578-4eca734eeb15": "reconstructie",
        "d5691148-a238-4c2d-97fd-48ce10011aa3": "zonder datum"
    },
    "Conditie Type": {
        "78adb981-7e30-4c0b-a545-ea42361a4ba5": " Disc Rot",
        "883554b1-246b-4ea0-bb4e-6aaacbb37fb3": "Azijnzuursyndroom",
        "9e107cf3-1e23-44ba-a921-a7146cfaf2c8": "Beschadigd",
        "43fb644a-f912-42c4-bdc1-b9519cd376d4": "Hydrolyse",
        "d1be9072-ee4b-4459-a263-5c853c6311ed": "Schimmel"
    },
    "Rights Statements": {
        "91a13fe1-b844-4283-bed5-1b4eb42215de": "Andere",
        "5f8989cf-357d-494b-96e8-5477ea90481c": "Andere juridische beperkingen",
        "e2a977d1-a6ab-452e-933f-653fa275184a": "Auteursrechtelijk beschermd",
        "dccad833-58a0-4d25-a799-80425929fd7f": "Auteursrechtelijke bescherming niet bepaald",
        "c8ac31a7-53e9-44bd-ac8a-9f8dc9cbdf4a": "Auteursrechtelijke status niet ge\u00ebvalueerd",
        "c88d99be-fa87-4bef-b80e-e51b64724f7d": "Contractual Restrictions",
        "cbe46328-f2fe-460d-9510-ff842aa88a05": "Contractuele beperkingen",
        "4d7e63ed-721e-45ae-aabd-04ee358ac96e": "Copyright Not Evaluated",
        "3f526786-0ab6-4c55-b5dd-bd18e597c4e2": "Copyright Undetermined",
        "076d3ed0-f00e-4c62-8981-300426c60e58": "EU Orphan Work",
        "b486ee7a-940f-43cf-8b74-92ac769c8239": "Educatief gebruik toegestaan",
        "a9097349-4180-43b8-acf3-8ee641bf5361": "Educational Use Permitted",
        "c92427c5-3b3f-446e-9185-4db6f7d9f88a": "Geen auteursrechtelijke beperkingen bekend",
        "648df5e6-6c88-422b-9c1d-e6869b40cefa": "In Copyright",
        "a76f6be5-ceb5-43a1-9d97-a90f4b17703e": "Niet auteursrechtelijk beschermd",
        "a90d8100-20f7-4ef3-b013-7e784fe022cd": "Niet-commercieel gebruik toegestaan",
        "34143ee2-a980-4d60-8800-cb90be345820": "No Copyright",
        "2a79098c-0017-4ea1-a4ce-a49100f7743e": "No Known Copyright",
        "29b29e51-7e02-4d06-83d5-debb33b620f3": "Non-Commercial Use Only",
        "8cc72cf7-0de7-49ff-a952-b6b243e4214a": "Non-Commercial Use Permitted",
        "fdfad057-e488-4546-945d-0190b9a6ecb8": "Other",
        "5ea2c9b5-8b43-4732-892a-cb0c1e038d15": "Other Legal Restrictions",
        "4389f936-ea2d-4087-80eb-b4ab600cd908": "Rechthebbende(n) niet-lokaliseerbaar of niet-identificeerbaar",
        "d0caee70-adf1-4a1e-a4ac-cd884f8b9355": "Rights-Holder(s) Unlocatable Or Unidentifiable",
        "3cd89d39-33cf-42b5-826b-5827b14b558c": "Uitsluitend niet-commercieel gebruik toegestaan",
        "28ced590-1192-44f7-a65c-02975b0837fe": "United States",
        "3fcb1462-be9b-4867-b357-788f0a698610": "Verenigde Staten"
    },
    "Beschrijving Type": {
        "4e5a2929-1d4d-44d0-aa7f-52ad2ea64054": "descriptive note",
        "fa2fdac7-460d-4a94-a3d5-71de32d52f5c": "detailbeschrijving"
    },
    "Meeteenheid Type": {
        "73fc6c21-5685-4713-888d-31e7d0dd6953": "Seite (Buchbindung)",
        "67d10542-37f5-4013-b213-5d86d2782102": "bladzijden",
        "12b7dce5-f5e5-4db2-9d3e-326c371bdbd1": "centimeter",
        "daea1a5d-1e84-4260-9db9-51a3074d684f": "centimeters",
        "62f4aaed-4c7f-42fd-9f62-b1f1c3eec3f3": "folio's (bladen)",
        "b480ea76-d01f-41a6-a1cd-8dd610086431": "folios (leaves)",
        "d8fd76a0-437d-43fb-ac36-e5b253352400": "millimeter",
        "360cd1be-032b-4db0-a8d0-264226e6c93a": "millimeters",
        "8d17f9a9-9ec1-4492-8f68-30c2da470986": "page",
        "4f58c508-a99b-48b1-9ee2-05038ce0fdea": "pages (components)",
        "6bb8162d-debf-4b1b-9f98-ceedb6e99ca1": "sheets (paper artifacts)",
        "f95cba42-11ea-4c15-9c30-7dd871621016": "vellen (informatiedragers)",
        "5bcea258-7dd3-4575-abce-6e56b2228f24": "\u00e9coute"
    },
    "Afmetingen Type": {
        "7d510c3f-6976-43f2-8eac-bb1e7c304e8b": "breedte",
        "bb524b48-dcab-47ae-802d-fb4fad23e23e": "breedte met kader",
        "de033c10-13c9-4a91-8600-b3a0bf3f96a3": "breedte met rand",
        "8c25b319-3f0e-49b5-b99d-506380405d74": "breedte van voetstuk",
        "39c538d2-fbbe-4287-9c18-20ffc866f5c8": "depth (size/dimension)",
        "38d603fe-4904-4748-a09a-ec7b5a3675b7": "diameter",
        "4d22f806-09f8-4d16-9e2d-7c91bfd0651d": "diameter",
        "07745add-bc83-49ba-bb2a-43ef64176e46": "diameter met kader",
        "a9af4f22-cfcd-45cc-a1de-578d6590ef2b": "diameter met rand",
        "7316cb27-2ee7-4e72-b28e-a9c1edd8a8d9": "diameter van voetstuk",
        "6b219df1-4e64-4004-866e-b83c96a9b265": "diepte",
        "2bbd1a66-f25e-422d-8713-6e766cd2095d": "diepte met kader",
        "a635bea5-a191-4c2a-88bc-6ed0f940736b": "diepte met rand",
        "8100528a-e166-466d-8bd7-720d4b37bf8b": "diepte van voetstuk",
        "32a3768f-6570-49dd-b70d-a785da871348": "height",
        "e89a5fb5-3ea6-47c9-9c59-5393c46ada5b": "hoogte",
        "e159e479-83b3-4ee1-a94f-d69abe8670ff": "hoogte met kader",
        "257d3299-0f55-4a1b-ab0a-cc692d0715f2": "hoogte met rand",
        "97c6ef72-9e08-492f-a9c5-0b74802dbf84": "hoogte van voetstuk",
        "b5f53a9c-13b8-48dc-be8b-3bce5d0ec9b0": "qewicht van voetstuk",
        "7b7e3434-81c3-4031-be98-f4b30118375d": "width"
    },
    "URL Type": {
        "2522d69c-852b-4d0a-901f-3df8f8006e47": "Academische bibliografie UHasselt",
        "51a3fc1a-854e-4b8f-bbe0-bd9d2f6a1d64": "Agrippa ",
        "ac62d4db-5604-460c-a63f-4b5f0d6367f8": "Bibliotheekcatalogus van het Rubenianum",
        "9075d3ef-189e-4249-969d-6f94d8f380eb": "Bibliotheekcollectie in EHC",
        "98e24b46-0a3f-44ad-8787-7b2d3a97c8f8": "DAMS Archief ",
        "402335ef-c62b-480f-a59b-f3d00d2d104a": "Erfgoedbibliotheek Hendrik Conscience, Antwerpen",
        "6cb876b8-0cae-4812-ad22-514cd864ca19": "FelixArchief Antwerpen ",
        "b1ba62fb-b6c3-41c2-b82d-fad081fe73b2": "Google Books",
        "abee7283-757c-46f9-ac46-567cca56f3fc": "Link naar bibliotheekcatalogus EHC",
        "9bb4202d-fa01-46ef-8970-f29e243ee725": "Link naar record in search.museumplantinmoretus.be",
        "30af15ed-841e-41e1-b13b-eb6042bdcd43": "PURL",
        "beceb0fc-e05b-41b7-8a06-82b5adfbe973": "Publicaties in de Anet catalogus",
        "6b6e4f43-6495-4044-9d58-dae30a1e541a": "Publicaties in de STCV catalogus",
        "f854e207-3250-4094-951e-f2f18a13fdeb": "RKDimages",
        "fa478aa6-db79-452c-875a-436b945726a0": "Verwijzing naar Grossmann object",
        "145a442b-1787-4ae2-bb39-4838bb005456": "Verwijzing naar LH objectbeschrijvingen",
        "f4d5c20d-95d8-4dd9-a06d-f34ac2231fb4": "Verwijzing naar MPM objectbeschrijvingen",
        "eba93119-2b8b-4590-9ac0-02ab70410592": "Verwijzing naar de archiefbeschrijvingen bij LH",
        "cceb8eb5-9981-441f-9037-47f943d86145": "Verwijzing naar de archiefbeschrijvingen bij MPM",
        "03e4ca8e-9dae-4b5e-9070-1ee599299c61": "Verwijzing naar de archiefbeschrijvingen bij RUB",
        "dd74800b-5593-40bf-abcf-e4fceab444bb": "Wikipedia (DE)",
        "b3f148d5-2a40-401d-8188-8d5b598f96c1": "WorldCat",
        "9d04db91-3e41-44ad-8570-88027b516ab4": "uniform resource locators",
        "2d4cc6e5-703c-454f-8b31-149c3ed50c38": "zie verder bibliotheekcatalogus Museum Plantin Moretus"
    },
    "Genre Type": {
        "169496ab-9d5a-4665-95a4-062c529d785e": "beschouwend proza",
        "32afc398-dc9a-444e-a399-626683875ee1": "drama (literary genre)",
        "3d62cb0d-f2b5-402b-a0c1-f14db1c7c86b": "poetry",
        "b5e83f66-f4a4-463c-81ac-8dcea3e53661": "po\u00ebzie",
        "14bee1ec-e3fe-4069-a568-fcb045a1c126": "verhalend proza"
    },
    "Image Type": {
        "bf8287b2-09f1-49e1-9619-6a0e2aa866aa": "High resolution",
        "57bfcf60-c7b7-47e6-8eb8-ff2eb8fc2567": "Hoge resolutie",
        "4ca6a51f-60dd-41c8-a749-e80003ee966f": "Lage resolutie",
        "a9e55380-e2d0-4216-9e97-70ddbda232a2": "Low resolution",
        "6a8c66d0-1ac0-4718-94fa-5ae3deece12c": "Thumbnail"
    },
    "Keepers": {
        "bcc2c921-748c-4267-96a0-317b7a0044a4": "Letterenhuis",
        "41d9a6ee-224f-41b0-a1cd-e36a35ab66bf": "Museum Plantin-Moretus",
        "57e65e8e-da5a-48bd-8678-342847967a4b": "Rubenianum"
    },
    "Legacy Information Type": {
        "23ffd7ab-823d-41e1-967a-f379c9658a7d": "brocade id",
        "57a08329-5055-4f9d-9d2e-c554f0b4c42b": "brocade url",
        "8a13fa4a-35cc-4092-b78f-69bf7302744f": "commentaar gebruiker",
        "93e5a9e5-83c1-4844-b0fd-9b7e399c4489": "groepsbeschrijving",
        "02a63914-32d2-42f9-ace8-e17d57985106": "herkomst",
        "7d321668-c3e2-4671-8778-ab2484835566": "referentienummer",
        "5dbcc3cd-0d73-45ff-a387-408ff6822171": "temporary location",
        "2ec97698-c637-4c3a-bf1f-fbc43eaf19be": "temporary location note"
    },
    "Signatuur en Inscriptie Type": {
        "407fe23e-1943-483b-86f9-e925225f03b0": "Anmerkung",
        "03a1490f-84a6-4fe9-ad3d-cd2dbfc540cf": "Graffito",
        "b4fcf58e-0ad6-4b3e-9eab-5e2afc6b8eaf": "Inschrift",
        "a14a7b3d-1dd9-4130-9c4e-c2e3b09d075d": "Unterschrift",
        "7380b8d0-eb97-4a26-9249-90c674bb1e96": "annotaties",
        "9c0bec73-a279-48a9-9964-253e1ef7ab83": "annotations",
        "ed908471-25ec-447f-b9ac-cc093933214e": "chronogramme",
        "533b713e-5a89-4a3d-af2b-5bbf600af897": "chronogrammen",
        "a6b5429b-0605-4b3e-9024-b6692af94061": "chronograms",
        "1fd2199f-7442-4b25-9b9f-7eb8ea433bcc": "dedications (documents)",
        "c60d3b42-4af5-4557-b05a-c14f15d63be4": "graffites",
        "86fbeb0e-5293-44b8-aef5-470a9ee971ae": "graffiti",
        "acfbc1bc-da91-4b91-8e0e-4978d13de702": "graffiti (casual notations)",
        "e0a40734-0535-4c0e-ba2a-1b9ab41c2d7d": "handtekeningen",
        "05464885-875e-4372-8655-d0daaf638e2f": "inscripties",
        "b8c7ee7a-8550-4505-a38f-2333ed8384f4": "inscriptions",
        "aaa652d2-ed0b-4690-bcb6-aa6540d968e5": "labels (identificatiedragers)",
        "98348fc6-cee2-4e25-8a82-d4a5de0ad333": "labels (identifying artifacts)",
        "17bbc824-989c-4d3f-98f2-6bebde1bb7a2": "makers' marks",
        "8a40fe99-cef5-421e-8a7d-fb6025b29e44": "meestertekens",
        "9049b096-ffcb-43b3-9736-87ac302c1edd": "modelnummer",
        "33cdece6-5cef-4b8d-a9a9-574521a433a8": "monogrammen",
        "5601366f-f672-40a7-b1cf-b685dad0da61": "monograms",
        "b76d35cc-2d90-4921-b4ed-a88ee2eadbd6": "opdrachten (documenten)",
        "046561e3-93e0-4d9e-9fef-ddc67e18ef14": "signatures (names)",
        "d3d2a815-c317-40ce-9bd8-23fcf4ca5820": "\u00e9tiquettes (identifying artifacts)"
    },
    "Materiaal Type": {
        "a9444362-dc37-40c4-aad5-66b96055e84e": "Aquarell",
        "f40db0f9-e451-42b2-a53f-9f8811782456": "Blei",
        "ab5f2d56-4a99-4d91-a9cb-e1ec0467b602": "Buntstift",
        "fc1b02d8-3981-42da-92a4-e00639cf431e": "Cont\u00e9 crayon (TM)",
        "d5eb56a4-eec3-4ada-a63e-defb9b49b0d9": "Cont\u00e9-Stift",
        "ea48a3ad-e42b-44da-b011-f18aa5aafe94": "Eisen",
        "c61647a5-5685-4a23-b102-1d34844fedc7": "Emaille",
        "132760df-eea2-4685-8080-1b6e5431b438": "Filzstift",
        "1b09dac4-6d56-4cd0-a5ee-eb677ed4adc2": "Gold (metal)",
        "53d5760d-7546-4787-9fcb-5278e1c01d2f": "India ink (ink)",
        "98cacac6-1af1-4be5-b916-46a02cbe28b1": "Knochen",
        "3e1bc21e-4b49-42ae-918e-e4306393b385": "Kreide (Schreibkreide)",
        "9e3d6e7f-ba46-4b66-a499-c143943c0868": "Kugelschreiber",
        "58ef5707-2b86-4f8d-8df6-1af2328884ee": "Kupfer",
        "fd9d1a1f-f74a-4ce5-88ca-647a44891593": "Marmor",
        "264004a9-2fe3-4f94-b44a-784327dce5c3": "Mischtechnik",
        "d1bcb9ae-14e8-4446-832f-326d553d549d": "Oost-Indische inkt",
        "0f780fef-62db-4fca-b153-ccb76704c062": "Papier",
        "3852257e-635e-47f0-9197-fec6d86ceb2c": "Plexiglas (TM)",
        "6f8e5995-367d-4bc4-95ea-411b1b068703": "Silber",
        "13bad573-e1aa-4094-b9f9-e69ffb1acc95": "Stein (Objekt)",
        "38ab8517-58fa-4d2b-af52-9172427eae30": "Zement",
        "bb53636a-aecf-450c-b7d5-f6f6db231ba3": "acier",
        "138f4d71-2f13-4867-92b1-8f00102bdf7c": "acryl (thermoplast)",
        "f783d466-470d-4ddd-9c6d-81ed59b1cb99": "acrylic (resin)",
        "f376b058-bd25-4c0c-8543-20912e44f111": "acrylic paint",
        "4333fe8a-8be3-4c6b-a8cd-0edd319af50d": "acrylique",
        "9ef41659-99c2-4497-afcc-14db864f65e7": "acrylverf",
        "3a9a2e14-f30b-4a4d-b4bc-c951bfa2c306": "aguarela",
        "528342b2-49d1-45c2-9332-0883eeafe659": "alliage",
        "ec40e72b-44e8-4793-a3b3-5c74cc9dff65": "alloy",
        "ea667888-cd45-4bf6-9e57-ccb9e29d31be": "aluminium",
        "60afdf60-0f65-48f3-9c87-58d76e9066d3": "aluminium (metal)",
        "ad84e63e-83a0-4e93-8380-fe2ba9beae6b": "aluminum (metal)",
        "ae9c7f5a-af23-4d9b-b7d0-c6965f6e1def": "alum\u00ednio",
        "220f2314-0b24-4478-ba95-11355aacaaac": "aquarelle (peinture)",
        "5c05d1fb-703e-4f11-bb9a-dfb16b0b0c52": "areia",
        "8b9809f8-663e-4391-b65f-6d2a47f25db5": "argamassa",
        "fdc83a4d-6935-4ef4-ba1b-5909adf90fe3": "argent",
        "9041aa02-27b1-4196-90e5-50544800ec16": "argila",
        "c588a04a-a835-411d-b9e9-ea52ff776c0f": "argile",
        "3fb81e11-2a4a-4cb7-b854-977b000a5c76": "a\u00e7o",
        "6283fcd0-853d-4290-876e-0b5585f16331": "ball-point pens",
        "7ce7c699-66df-4325-9302-fe523f9c2618": "ball-points",
        "db75d7b2-2ff5-4635-92ea-9c8fb0d7d81c": "been",
        "2f48580f-b66a-4f13-b56e-0793efd708fc": "beton (algemeen)",
        "6ed3e561-e9cb-42b8-91ee-e136dd8651a0": "bister",
        "a8ba861c-0585-478e-bd30-48266cf676e9": "bister (pigment)",
        "964775ac-a322-4dee-ab2e-8e9a49007d66": "bois",
        "c6b7fff4-a68a-46cf-a8de-609a1e86fcb3": "bone (material)",
        "990269e1-b4fa-4002-a456-a99bb20d48a4": "brons",
        "6f9285d6-43dd-46da-89d5-554d2ea00b63": "bronze",
        "a7340c06-18b7-4b52-8830-2cade152020b": "bronze (metal)",
        "c62b7c48-cffd-4f7d-b7ae-40780791815c": "bronze (metal)",
        "6a150b08-605a-41bb-8aaa-33859a939388": "b\u00e9ton (concrete)",
        "fe8c48ad-93bd-4d29-96ce-9816ecbe1c5d": "cement (constructiemateriaal)",
        "9274b102-4657-466d-b98e-3ce2823f6dcf": "cement (construction material)",
        "7c4e2f6e-2be4-47ff-983b-935755661a03": "ceramic (material)",
        "19ad3972-bd76-4d3a-9b96-71c9530a4285": "cer\u00e2mica",
        "8beac8b4-d343-420b-a0b5-d88b5f056107": "chalk sticks",
        "521897e3-14f2-483d-bbc2-9220b1c1db52": "charbon (charcoal)",
        "9f5fc4dc-056b-466e-9d8f-96e1925f4f1d": "charcoal (material)",
        "588bf913-e813-4f43-b55c-6c701e4cb1d4": "chumbo",
        "db8edbf4-967a-43b0-9c49-2d8a2b520606": "ciment",
        "eba89185-7b2f-4750-8c84-0fdb299c8f6c": "cimento",
        "35a42472-b909-441a-8ccb-52db19ded4a9": "cire (wax)",
        "66889fcd-b94b-44ad-9444-086c8ddd80f0": "clay",
        "a55c66a6-9ff6-4b2f-9d9a-29e4b78f126c": "cobre",
        "3c2532d0-946e-4dff-8df5-965c0a12cd26": "colle",
        "6896783f-43bf-4943-8186-60d7b5f3b4c3": "colored pencils",
        "5012b994-f106-4b93-b0ad-9ad6c3d69569": "concrete",
        "b0c97ec9-efda-459c-be3b-010908235fb7": "cont\u00e9krijt",
        "2e15a2af-7e83-4475-9293-5570f8a1b91c": "copper (metal)",
        "e1d0f6f3-9a50-4eee-9423-516293e0bc24": "cordage",
        "ca71e0c2-278a-4365-9528-ed0e3e6b34e1": "craie",
        "360eb846-5571-416d-b222-00c500555293": "crayon \u00e0 colorier",
        "8713dd62-e863-4c26-aa7f-dd9849b438b5": "crayons (pencils)",
        "147b14a1-d7b2-4825-be17-cb4dd733243e": "crayons de cire",
        "08def99a-2bf6-4e9a-b76e-68b5b07abc3b": "cuir",
        "2912d58f-0bb1-426d-b57b-e7cfecf5c4ee": "cuivre (metal)",
        "b840a67e-e2ac-4313-8119-5990fecde7b7": "c\u00e9ramique (material)",
        "f1928729-7c04-4bee-bd24-46c54a40008a": "deck paint",
        "867be34a-d9d3-4afe-b4c0-d45e27cfd291": "dekverf",
        "b649753d-d16d-491b-b1ac-01ea1fdf3bae": "emaillak (materiaal)",
        "dacabb54-6aef-4ec9-8626-aa108df6f74e": "enamel (fused coating)",
        "29a88001-1215-4ff8-aba7-14e4878e2d8d": "encre",
        "d452154e-fd47-4fb2-8c2a-00a7dd2d3fd4": "felt-tip pens",
        "dea76033-81d5-436f-9900-08062c4476da": "fer",
        "30522bd0-6aef-40a0-a843-4cee67ecef03": "ferro",
        "2d7262fc-eb75-4886-b422-730cfe9348ec": "fibre synth\u00e9tique",
        "5f1b8769-2cd8-4a21-a53b-bc847670a6fe": "gemengde techniek",
        "26e8178d-e0d7-436e-b5c6-a101a13b8276": "gips",
        "b96da506-cb18-4bac-9382-7413ba80154b": "glas (materiaal)",
        "3be08225-b343-44a1-8c12-ae61e30c321c": "glass (material)",
        "5988f1f9-4413-4ed5-a7ec-183e63c9be94": "glue",
        "0f88886a-f555-46c0-a3df-7f68e3e8530c": "gold (metal)",
        "717a90c5-976f-4f5c-9d38-76226600cc84": "gom",
        "03c8f7ef-1f1a-4622-b7a0-46afcf84344b": "gomme",
        "2dca8f50-4973-49ed-9caf-f322c1168ce2": "gouache (paint)",
        "7b73ce20-2d0a-4d1f-adfb-37ce38ea7fbe": "gouache (peintre)",
        "6812c913-0613-4419-914f-8052ba6804c3": "gouache (waterverf)",
        "555c7ac6-4a7d-4cf5-b4d9-4b15bbf8c313": "goud",
        "7e1d9b10-e5e8-4f9e-ad7d-8158a0075f76": "gum (material)",
        "073fda5b-5d1a-4088-82b5-c50fac3d3faa": "gypse",
        "326fa5b2-0872-43e7-a4f3-87c8b20539e0": "gypsum",
        "4b339300-9a04-42c9-b22b-7c2a98c3f0b7": "hars",
        "63984f32-3ff0-4d68-84ca-2f17f237bd1a": "hout (plantaardig materiaal)",
        "e2ed529b-7d6f-4598-b29f-fde820fb1729": "houtskool (plantenmateriaal)",
        "1a01f212-d2c1-4de5-a748-5f816d599fe8": "ijzer",
        "ffbed77e-5297-4535-8e6e-a9763f332108": "ink",
        "2440cc14-2cd7-4873-b92f-7444d71fab71": "inkt",
        "3899bef8-b3e5-4eba-930d-60d09cbecd1c": "iron (metal)",
        "59ff0995-922e-4438-b27d-d4b25807afb8": "keramisch (materiaal)",
        "3b580476-5a3a-44d5-a66d-44abf10765ef": "klei",
        "3f133f03-4ce8-44e7-917d-d68c941b778c": "kleurpotloden",
        "72914f71-95b2-4559-b04c-b47298c0036a": "koper",
        "f27254c4-c8a7-47eb-9ca5-e422c6a653b8": "krijt (medium)",
        "1ae103ac-6928-4c60-b167-bbde43f3e766": "kunstvezel",
        "9cfea05f-4b28-450d-9266-789de8b4c712": "latex paint",
        "dd250a83-0ff3-418a-a022-19e3070e1261": "latexverf",
        "6a9b576f-2c6c-430f-9421-25e73f7745ee": "lavis (technique)",
        "ce9f5d9b-9499-466f-8186-65f873075de9": "lead (metal)",
        "078a1d2c-650d-457a-b793-4a097bdd7820": "leather",
        "4af05c58-95e6-4369-b686-b6673b2ec97f": "leer",
        "762ef49c-dfd0-454c-9966-b57def65b3ad": "legering",
        "0c2b96c4-54be-4776-8968-dd16e54325ec": "lijm",
        "508cf521-7ff3-4bb7-9422-ac0b6c936e51": "lood",
        "5e0bccd5-4be6-4956-bf60-b7c477e2ce79": "marble (rock)",
        "b9b9c735-cefa-4b0a-99ee-00878bd4efa0": "marbre (roche)",
        "c5e53f93-4249-47d4-82f0-9455b17ef555": "marmer",
        "a8284c9c-8313-498e-8447-c4acb82aff7d": "metaal",
        "f46d78c3-be88-445b-b014-d2e9c40e4c46": "metal",
        "d461a19c-2a8a-4d45-ab16-1ab0ea65c559": "mixed media",
        "de814662-12cd-4ce1-ac52-cbc55fc325e4": "mortar (filler)",
        "f67e74b9-b921-4bd2-bb9b-2a6d4aecd282": "mortel",
        "ab771bba-3943-4291-ba54-a4d0dc2d0ef7": "mortier (filler)",
        "e59b4a24-82bf-4cfc-9696-84fb297fbc9b": "m\u00e9tal",
        "4b8b5294-de00-468f-9f6c-a1bb6204a49e": "natuursteen",
        "2c99ab2e-5328-4c37-bfd6-813d9748a417": "oil paint (paint)",
        "53358ffc-0046-43c4-b33e-9095ca2f3b87": "oil pastels",
        "d88ef564-e001-4c9c-b84b-1605e4740a2b": "oliepastelkrijtjes",
        "56043c4e-6209-4921-9b29-c10e5574979c": "olieverf",
        "5af9f8ac-0f8d-45a2-bd64-090cabd817c8": "or (metal)",
        "06d94d7f-1e39-4f3e-aa4e-aa807d31f494": "organic material",
        "b8812afa-c452-48e2-b9a8-2bcb41514c59": "organisch materiaal",
        "ab50d06a-d564-47fd-b5b5-0547b744688b": "os",
        "73cdc089-1529-4f0d-a8e0-3d05dfca8e26": "osso",
        "c090095a-e00e-49f0-9f9e-fce296d45d18": "ouro",
        "4b65e70b-a175-41c4-b99c-536e672e9647": "paper (fiber product)",
        "dad4630d-218b-4df9-bd55-107d3ab04bc8": "papier",
        "ed0fb2ec-4910-4ca2-8118-a709db7f1ce7": "papier (vezelproduct)",
        "309e0f84-37e9-42c5-a9cb-d6aefecbff43": "pastelkrijt",
        "189d474b-c118-41aa-af92-e4227d4d2b0b": "pastels (crayons)",
        "9e84f587-ab9e-4bcf-afdf-0e1cd5fdf021": "pastels (crayons)",
        "a426e23a-6cb8-4ca3-b3c0-7763423d5b09": "peinture \u00e0 l'acrylique (synthetic resin paint)",
        "e0b50c8f-10a7-4108-8d36-3991354400db": "peinture \u00e0 l'huile (oil paint)",
        "900bbeca-5815-49a5-9deb-1228a8756463": "pencils (drawing and writing equipment)",
        "12c5fba4-2a4e-4f5a-93fc-dff33fd51ed1": "pierre (rock)",
        "d815bc28-5ec6-4b23-958b-de04c3599dd8": "pigment",
        "9d0bffd6-60d2-43ac-8c36-005f59f85692": "pigment",
        "3d9879d0-ad9d-4966-bfc3-5cbb9e85e915": "pigment",
        "9a0f87f6-dacc-4257-9fb2-fce8639ca5c4": "plaatglas",
        "bb7d6779-250c-4826-afaf-14411624e00c": "plastic",
        "ec2a761c-4bef-4e76-8c14-fb57a97a32e2": "plastic (material)",
        "7fb6ecc9-faa7-4377-85fd-afe0417b5a1b": "plastique",
        "9683c4d2-e7e5-40f0-a4a0-d180648b0161": "plate glass",
        "08525602-d029-434b-8866-3b65e7fe692a": "plexiglas",
        "5283cb4a-6c7e-4cb2-93fb-3f19cfe04486": "plomb",
        "5ff5cdfc-8bdf-4a27-880b-ddda86aa9e74": "polyester",
        "51829666-a690-4193-999d-1b00b1ad65c7": "polyester",
        "7291d4eb-1646-46cc-a55d-014ae755d18b": "polyester (resin)",
        "1645822f-79fc-491f-8a00-cf507df7f280": "polystyreen",
        "635226af-6599-4785-87e7-65344c6fae76": "polystyrene",
        "6c4ac7e3-d608-453f-ae91-c9c1c36a7167": "polystyr\u00e8ne",
        "5482a3b7-38da-4390-910f-9d9a066eea60": "porcelain (material)",
        "f9e01a11-ff28-410c-a863-0900331c057f": "porcelaine (mat\u00e9riau)",
        "96624430-d281-4dfb-a782-8de2d111b134": "porselein",
        "280233bb-47dd-43ac-90e6-712149df4ca5": "potlood (medium)",
        "c1beb8c7-df38-417b-aced-d683b639cc1b": "prata",
        "ccba02ef-22cf-4293-8a2d-881338ebe220": "red chalk",
        "45dfb13b-25f3-4eb3-be4a-e4f070d3ed2a": "resin (organic material)",
        "daa5796d-3c08-4332-9c43-ba00414a7373": "resina metarilica",
        "27580168-384d-4707-ad0e-b2a203d71079": "rood krijt",
        "fd694761-c5f4-4660-8fee-b759de58b3a7": "rope",
        "13bd65ee-716d-4b89-88c6-1397eb64f593": "r\u00e9sine",
        "48ba3b16-332d-47d3-b5a8-02a094dcb46c": "sand",
        "ea688c18-43e7-4edb-895d-eb40ec17d97f": "sanguine (red chalk)",
        "b97d64b3-e0b7-4464-b990-8daad11106ec": "silk (textile)",
        "0d1b3deb-00a2-468e-b129-2b6ea90f5a7b": "silver (metal)",
        "83442018-c70f-4087-8f19-367a3eb74b18": "soie (textile)",
        "5b3fbf92-75b6-4451-9940-cd52916c6eb2": "staal",
        "eed5edeb-7565-4ffc-8e86-a4a5bf57079e": "steel (alloy)",
        "b1956302-941c-48ac-b646-6785cccaff53": "stone (worked rock)",
        "4ba1135b-584a-402b-85da-7d4fe64b85fc": "stylos bille",
        "f73ff0ba-64c3-4acb-9b9a-7198b0bbf1b6": "stylos-feutres",
        "1ee8e3e8-9395-4be8-bc77-1ff51829d760": "synthetic fiber",
        "22ced3a7-5dd4-49c4-9edb-aa5059da08e1": "technique mixte",
        "e74030dc-d1a9-40cf-8e81-4a9adf5cb7d5": "tempera",
        "0ae313e3-564e-48a7-88a4-5a83e6fb39fb": "tempera",
        "811a49d1-56a0-460c-b124-ab4550cb8918": "terracotta",
        "b4ae0c1e-f3fc-43e5-8992-f8b2186c7771": "terracotta (clay material)",
        "bcfb1298-6732-4caa-b41b-5363a0a66430": "textielmaterialen",
        "df882d2c-8ec5-4dac-b8c5-138a948a4d01": "textile materials",
        "a08e5fd5-4a44-46c9-8d48-68790f382086": "touw (materiaal)",
        "fc697216-a789-4afc-ae60-f2a6f689689d": "varnish",
        "3d2931cc-e620-42a9-bdeb-ab868875d00b": "vernis",
        "8952c469-85f3-4a90-9799-dc23ec7377bf": "vernis (varnish)",
        "e51dcf2a-8447-44c6-a361-2038b680515c": "verre (material)",
        "9c6055ad-6856-4224-a208-73242da8f23c": "verre \u00e0 glace",
        "ae2af3ed-bb82-471e-a0a6-e9b9757e7858": "viltstiften",
        "84e76b08-6b69-4b6c-8722-f3e9d0f11423": "vinyl",
        "a6d6404f-ed97-4928-af56-6f2b7d33924b": "vinyl",
        "c8ed4c01-0b11-44ef-8a4e-238e47ab08cc": "was",
        "0b120217-c1f0-44e9-91f9-588c7cdfb14b": "waskrijtjes",
        "7c3adb95-9b10-49d3-9f4a-18cac032940c": "watercolor (paint)",
        "6816534a-27c4-4521-acc7-77d90832f913": "waterverf",
        "67b1ce29-1566-4c52-83ca-c8eea741e4b8": "wax",
        "91c1c868-2c8c-4a59-994c-1ecc6408c85c": "wax crayons",
        "1633bac6-504f-42b8-9099-7cd765154e9a": "wood (plant material)",
        "d53b2a39-7259-4b5e-b45e-6a66f521f218": "zand",
        "98c66fc0-2997-473e-9f35-2fa23f78319e": "zijde (textiel)",
        "676ebc83-a66d-4ce9-91e0-55bea220e031": "zilver",
        "388a2a48-5188-49e0-88ea-33345653e51e": "\u00d6lgem\u00e4lde",
        "4db1a274-fbbc-44c9-9270-0e079bcbbfa1": "\u00e9mail (fused coating)"
    },
    "Merkteken Type": {
        "fa9da2a5-fe86-4296-ac4b-f37405d7eff0": "Unterschrift",
        "116906d3-faa4-4f4d-adac-c5ec2eec2a72": "gedrukt merk",
        "55aea4e3-8a55-43a0-b549-208d667c1138": "handtekeningen",
        "9e954ca9-cb01-4639-9670-67ec66d40d4d": "seals (marks)",
        "383acf58-0790-4a1c-80ce-8ed7eb25e044": "signatures (names)"
    },
    "Object Type": {
        "eb40ceb5-ba3b-48b8-bae2-2f5ab063525d": "Abrechnung (Buchf\u00fchrung)",
        "b7823c40-4759-4ab3-a7ab-138b24622c2a": "Akte (Dokumentengruppe)",
        "94e9436a-bf07-4b82-86b0-e872f4b21637": "Artikel (Dokument)",
        "edc1085e-e15f-4124-b62b-9e2de0f85373": "Audioger\u00e4t",
        "a06a2eb9-77dc-4334-949a-3a03a9e4ee73": "Ausstellungskatalog",
        "63b4c322-89a6-4356-9ac4-bdfd75eb27b2": "Bericht",
        "1eb9a2ab-2e66-4543-b69a-601b309c3a6e": "Brief",
        "55f4b768-c5d4-48e1-91a6-1703a44a21c5": "Brille (Sehhilfe)",
        "293dbcfb-69cc-42e0-bfd4-fcb3ac49607a": "Buch",
        "31878144-2984-49de-be93-3442c85d0d39": "B\u00fcste (Figur)",
        "cefd713c-1e06-43f7-aa03-02191dd7b44c": "Dokument (Objektgattung)",
        "19bb21b9-a9ac-439c-b6d7-3b8aae79d312": "E-mail",
        "c1f6bde6-6920-457d-8e1a-23c790063fcf": "Einladung (Schriftst\u00fcck)",
        "f0c27cd5-042a-4c2e-98f1-80e32bc10802": "Farbdia",
        "128eecbe-e80b-46c3-b044-0026802e2cf2": "Farbnegativ",
        "2d2b7fc3-24ce-42d7-b084-8d53188ebadf": "Finanzunterlagen",
        "e2815e3d-df00-431b-bf7e-cd32d9e97fa7": "Formular (Dokument)",
        "fb6b6032-51ee-499c-bfde-f11ea236e0bb": "Foto",
        "5a42749e-6325-45de-ad91-68f0bfe618be": "Frachtbrief",
        "e583021a-da6f-4868-b9b5-d44051f717ac": "Ganzfigurenbildnis",
        "103c4374-c371-49cd-a5fb-7964c36ccfdd": "Gem\u00e4lde",
        "873347c1-e976-4da4-891a-fc75084ae776": "Halbfigur",
        "ac4770b0-b31e-4f09-9d89-d28cd95b4b34": "Hauptbuch (Gesch\u00e4ftsbuch)",
        "05504c7a-9f07-40aa-9d6b-d606027fcb54": "Installation (visuelles Werk)",
        "3da2ab3a-e4ef-49b1-bac1-2b7fecd12297": "Inventar (Liste)",
        "7b01f908-43e2-42d9-bab7-58e4167a9851": "Journal (Buchhaltungsunterlagen)",
        "d68da164-4b20-4704-907a-a1fce9c96316": "Journal (Gesch\u00e4ftsbuch)",
        "92413977-48fc-44b2-a74d-2f0b094d2e80": "Kodizill",
        "f84a8dd5-edd2-4851-9553-969eaadc0114": "Kopf (visuelles Werk)",
        "09c7ede2-0baf-459b-b712-2fdb0bbe7794": "Kost\u00fcm (Verkleidung)",
        "505ad4d3-a589-4402-83f0-874067d4e75e": "Kunstobjekt",
        "edb52a81-963b-401b-bf84-26288d09e6e5": "Libretto",
        "283b35ef-3a8c-437d-b823-9c7ca04078a6": "Liederbuch (Dokumentengattung)",
        "d0992e00-38ec-4bfc-9b66-982769346d46": "Manuskript (Dokumentengattung)",
        "a9539984-6458-4527-9579-0a4da07a3363": "Maquette (Skulptur)",
        "bedf1496-ebe7-4c64-bdf0-ee1526696297": "Maske (Kleidung)",
        "feb42a4f-0f21-47d1-b15f-8fdf8db8e3ea": "Medaille (visuelles Werk)",
        "9d580590-ea0b-47be-a4f2-7cf06cf91710": "Musikinstrument",
        "44305e64-bd05-4ef3-8cb7-dabca28c9758": "Nachruf",
        "7a8161ad-a88f-4666-9a77-6bf2547e42ee": "Notiz (Dokumentengattung)",
        "dcb27e26-8979-4f0c-a6da-674448ebbfda": "Partitur",
        "2aa6037a-b60b-4038-8bc1-50a10dc1b2df": "Periodikum",
        "3f3fafe8-13c1-467a-a2ab-4d067a1197ac": "Plan (Karte)",
        "30437b47-c2fa-4f1f-bf8b-3bd15a478091": "Plan (Zeichnung)",
        "181cceff-9672-46b6-b8f2-2fc9176c1313": "Postkarte",
        "193ed748-3057-43c8-866d-02ac69e1020e": "Programm (Dokument)",
        "005e10b3-f6ed-4502-b5d0-66673206aa2a": "Quittung",
        "4ecd6585-3419-4105-979d-316ec5fdfa09": "Radiografie",
        "081c2665-3247-41cc-887c-97f8d75490a9": "Reisepass",
        "1a8e84df-f7da-4f81-8615-84a9a4fe0625": "Schirm",
        "da8f8910-161d-4cfb-9b3c-f74a3633ff1c": "Schmuck",
        "c92da29f-f420-484e-b522-9ab56750a9d2": "Schwarz-Wei\u00df-Fotografie",
        "543901cf-8d86-4f6b-a3b1-84a782c66e89": "Schwarzwei\u00df-Dia",
        "8232121e-3d56-4f5d-821d-ac709a1388d1": "Schwarzwei\u00df-Negativ",
        "d3afcef3-a091-4d3a-828c-bee6028c3741": "Skulptur",
        "f9ffb621-50ca-4aad-8c96-704f4f2dbcdd": "Spazierstock",
        "f73a54de-4e49-426d-8a81-dbfcab9021d2": "Speisekarte",
        "8c0ccd09-39b0-4b9b-a952-c6f20d870ac6": "Testament",
        "ff9029d4-2258-4a39-a415-682d56cd9f3d": "Textbuch",
        "0cfce0de-4dba-4690-a4ec-d28d35dae59e": "Totenmaske",
        "84165c60-d0c4-4fa6-ada7-078e5dea846c": "Verkaufskatalog",
        "007f95ec-4baa-42e2-be20-fb64b31ec5f7": "Versicherungspolice",
        "443e7bfa-6233-4011-84b4-d5c2e87183a1": "Visitenkarte (privat)",
        "ac5f78e9-f8c0-4e17-a654-57c8db1ca1c5": "Waffe",
        "b8db885b-e3da-41eb-83f5-c7c1a2ff7b8d": "aantekeningen",
        "62279003-af04-44a5-9030-e14b10e1210e": "accessoires de tournage",
        "1521a3bd-300e-4677-81b1-3c8014426ad5": "accounts",
        "737b582b-9c37-48a1-8627-0f6b491ecc34": "adere\u00e7os",
        "2500b041-b379-46bc-8917-897d15cad64a": "advertenties (drukwerk)",
        "f066ceb8-72c1-4568-80a0-e9ae655c59d8": "advertisements",
        "e5ea4eca-e70b-4085-a46b-cfd73a51ab91": "affiches",
        "483ebb38-79d2-40bf-9643-d9a20e1470ad": "affiches",
        "e9c98088-725e-42a4-9bb4-eb6b270aac2a": "agenda (appointment books)",
        "9b7d318f-f361-4dbf-b9ae-fc100518195e": "agenda's (aantekenboeken)",
        "0af3621c-8658-4579-9ee3-f14fe41e226d": "album de photos",
        "99d943a8-8013-40c2-b973-ef87084d5073": "annonce publicitaire",
        "32a8a824-277e-4d1f-b463-b57a88fcbf41": "ansichtkaarten",
        "929bd719-57bf-4c84-a8a8-f73edd016fd1": "appointment books",
        "f0f65f04-a8d0-4c2c-9e25-295c5c2495b1": "aquarelas",
        "16da1b6b-9ec5-4558-a45d-d2bf4b0fbddd": "aquarellen",
        "19e6f323-16e1-4fa1-a192-b45da94d4690": "aquarelles (paintings)",
        "7056ad14-b367-4e94-a14f-e556f42dcdb9": "article",
        "641fda27-9c1f-4888-978e-e3468b0e51d6": "article n\u00e9crologique",
        "0babc518-c674-4f2f-9e19-8bc23fcf6f21": "articles",
        "b5940d0c-34bc-4f73-98f7-3d55f819b60d": "artikelen",
        "2db0caf5-f36c-418f-be82-a46b5b6e2e8f": "artists' materials",
        "1ab3ff5d-f992-4b68-ab82-b71f36b8acbb": "assemblage (beeldhouwtechniek)",
        "7791ca72-2b75-440a-b949-00a90eaaa195": "assemblage (sculpture technique)",
        "92b7a38b-6ae0-4f49-b1e3-24655e262871": "attestation",
        "118f85c6-87be-4c1e-922b-797007c18b1a": "attestation",
        "cfa4cff8-6cfc-4480-81bf-8cc604a4cb4f": "auction catalogs",
        "19d06e29-809b-4d81-a104-17bc11278c6a": "audio equipment",
        "5e51bf81-2f93-4677-952b-ac48e59cd5c0": "audio-apparatuur",
        "b4f892e8-637a-469c-84f3-90307abf4fb7": "audiovisual equipment",
        "005ef1aa-4e89-433d-90ae-e247c0aaccb3": "audiovisuele apparatuur",
        "08e289e2-8975-403a-bbc5-2a61f8930034": "audiovisuelles Ger\u00e4t",
        "566c7534-d77b-4760-8b58-5ca774026c86": "baixo-relevo",
        "9826868c-2e7e-4dd6-9dd8-91ad517a9e91": "bas-relief (sculpture technique)",
        "99bb8752-1bf4-4bb5-b6d0-91f23dc2c8c5": "bas-reli\u00ebf",
        "d3696437-98b8-4f17-a641-0ec4a831d27f": "beeldhouwwerken (beeldmateriaal)",
        "37139be8-1c10-4d8b-af62-6a0ffca85798": "bijou",
        "54e612df-ef74-45d1-8e5a-9e7392ef5ac6": "black-and-white negatives",
        "85adf782-0ae3-4219-a4c4-c4969f7f540b": "black-and-white photographs",
        "53055882-b9e3-4d9f-93b7-4cb87b0e25d8": "black-and-white slides",
        "6cb08ece-2346-46cc-be38-55d2bf78bc44": "blotters (bookkeeping records)",
        "da19c09d-0db1-4b10-b213-a598617fd44e": "boeken",
        "60125f34-7e29-4ca8-a635-b3c8527e7c57": "books",
        "4db41ed8-a483-44ff-8158-6f622f8485a7": "briefkaarten",
        "cdcbee33-e3d8-4739-b4e1-8dbdb5156c12": "brieven (correspondentie)",
        "53daea3a-d2ce-433c-af8f-a6c795ed1a25": "brievenboeken",
        "01bd5e12-40f5-49c1-a0f9-96c69e44fb00": "buste",
        "5ddb0af0-c563-4488-9020-5587f0bb7f29": "bustes",
        "8e48db77-f88e-45c2-885c-63abe9f281af": "busts (general, figures)",
        "a72bc839-c054-41ea-ac0c-023c62bb575b": "buvards",
        "6b4a9195-a0ca-4c4b-94e9-dbc9c7c029a7": "cahiers d'\u00e9colier",
        "9ab23a60-0372-435c-909d-837b99b3e5fd": "cam\u00e9ra vid\u00e9o",
        "af71da8a-093d-478c-a7b4-3891d2ff44ad": "canes (walking sticks)",
        "9b68bf9e-316f-462b-b5c6-abd12599aacc": "canne",
        "d9eb89cd-a5ee-402b-bae0-6a70f4ae62b1": "cards (information artifacts)",
        "5baff2a8-159c-4cac-9edf-8a754bd43e84": "carnet",
        "b4b13d83-57cf-4889-abce-841d7f3f42df": "cartazes",
        "97dd97ad-89bb-4ed8-bb1b-de01dc315e5d": "carte d'identit\u00e9",
        "80b75567-5095-4986-a3f4-aa15e11ccd67": "carte de membre",
        "cfd37a52-a1e8-4b78-b8d9-2af471383478": "carte de visite",
        "cb7ab10f-584b-4d25-815e-6820cad46d9c": "carte de v\u0153ux",
        "646be3fb-6438-44af-93de-ad11ba70021b": "cartes postales",
        "8fb366f7-3fe3-479a-893a-204d17528a0d": "cartes postales illustr\u00e9es",
        "5d5690b6-74ab-4b89-8c47-8842a248ddb8": "catalogue de vente",
        "5901ce49-acca-4248-8950-7a58b8256070": "catalogue de vente aux ench\u00e8res",
        "8f839875-965e-4c3e-88c9-4c6f32fe0d37": "ceremonial objects",
        "becbd4df-5c6d-40cc-9738-6eda1ee81866": "ceremoni\u00eble objecten",
        "c60e9533-1ffb-4b62-ad99-0e9aaa0acd7b": "charte",
        "13f906bd-f1c2-4a90-a1ff-39693b6877e2": "charters",
        "8dbb72e1-6306-4a6c-8986-606efcd08449": "circulaires (brieven)",
        "bb093ad2-80b2-4210-8656-69ffc64b7c10": "circular letters",
        "5a21ae7a-e8ab-4509-b765-4df9a7bd7fa4": "clich\u00e9s-verre (negatieven)",
        "9d7937d9-765d-4afc-936d-63e436186fd4": "clich\u00e9s-verre (negatives)",
        "c834c1e4-f860-4b78-8f04-79b087655fc7": "clippings (information artifacts)",
        "8978c181-e2b3-4f36-a8af-164adb2f023c": "codicillen",
        "df40dd85-9ad3-4f44-8ebf-45664ca8eb56": "codicils",
        "e3be0a80-be8f-46be-984b-c27060d75f32": "color negatives",
        "50ec9a76-110f-4585-8aa9-8230182f66d0": "color photographs",
        "cdd2dd48-1715-486f-9a94-e1e2725399ef": "color slides",
        "ab044054-1e56-4659-9b3d-816085869763": "copie-lettres",
        "2c73799a-c1ad-49cc-8e36-c5d5cf17a63e": "costume (de sc\u00e8ne ou d\u00e9guisement)",
        "8b202eb0-469a-4c63-a0ab-d6fa6a28c8fd": "costumes (character dress)",
        "9cb2e20d-dc2c-4e4a-987d-99787942f39d": "coupure",
        "f0557d69-01ca-4003-82f0-f05991330f09": "cultural artifacts",
        "12f31f22-309c-4f68-ae4a-49178cbffe8c": "culturele artefacten",
        "e7405bbb-667c-43df-8ee7-29a4ba2ddd29": "curios",
        "d524405c-d86e-457e-895c-c08743a8e02a": "curiosa",
        "1c618b00-4bb7-4ea4-8f59-1cb90c8fc73f": "dagboeken (boekhouden)",
        "aae1afb9-66d8-4a60-b5b4-2eb9b9ed18f0": "daguerreotypes (photographs)",
        "5ca54b55-43f9-4524-8203-de5d18fb9782": "daguerreotypie\u00ebn",
        "2202d67e-e9d2-41b0-bd3c-869f17a295b7": "daguerr\u00e9otype",
        "69a15446-349d-430d-8843-493ade4ea2b9": "daybooks",
        "1a422f8e-8a78-4e0c-aa57-d7a5747b85a1": "death masks",
        "6a46478e-96bf-473c-ae73-7b3196475b85": "decrees",
        "1fd2199f-7442-4b25-9b9f-7eb8ea433bcc": "dedications (documents)",
        "49a33ebf-b15c-4647-ae8b-e517f4d4f649": "demi figurine",
        "a41b6aa6-6157-4eb7-b1d9-a6c67d0e1cd7": "dessins",
        "7ecb42b7-8f02-471b-940d-454871162f57": "diapositives en couleur (slides)",
        "25859018-8e13-4f6c-b80b-7ccf8038dc4d": "diapositives en noir et blanc (slides)",
        "0bc57a45-a7ea-457f-9ffb-dc4cdcb77ca1": "documenten",
        "89f876ae-9f5d-4cbd-ad2e-01de8e7a2fd2": "documents (object genre)",
        "0d281c8d-c158-40b1-a373-ddaf62999533": "dodenmaskers",
        "e2c9e39a-bc11-4a8d-b4d7-41295eaf8b93": "dossiers (groepen documenten)",
        "d0a685cd-26da-43ae-8716-27b6f969bb66": "dossiers financiers",
        "1658e77c-896d-4466-a575-dd5995fc227e": "drapeau",
        "99ef5ab0-d87c-4e7d-ac0a-667e46aecc70": "drawings (visual works)",
        "ca53220d-985d-4787-8670-8459c192ddaf": "druckgraphischen Bl\u00e4ttern",
        "189ef497-076d-43d9-bac9-d26cea762de0": "d\u00e9cret",
        "c4eb7b63-34d7-43d5-9484-41da9866d4e9": "e-mail",
        "9d3ba52e-6f6f-4677-af27-f995bccb0209": "electronic mail",
        "016e8cbe-5f50-4c6a-ba04-0474f81cf492": "exercise books",
        "e9558fdb-428a-40ca-aa9b-addb9ce31596": "exhibition catalogs",
        "e3711da7-5749-42fb-8b16-b51f514b4ca0": "eyeglasses",
        "3e3d47e8-23a0-40e2-9598-5f4d96659bc6": "faxen",
        "ecff1ee1-0a0c-49e6-8e32-bb0d2fd479a4": "faxes",
        "47b5807d-cca2-4490-8ecb-15cd55563c5d": "feuille de route",
        "b638602a-c2d9-4a37-8c33-94671a05759a": "files (document groupings)",
        "d1ced414-9602-45e0-8cc6-3e5bc15311dd": "financial records",
        "36f6ad74-4a26-46c1-8f2a-166d6027cc2c": "financi\u00eble documenten",
        "1f4a2c06-9dae-4f56-a41d-dd452c33842c": "flags",
        "943752bc-fcf9-492b-a6da-cceb0ec82aac": "folders",
        "3bb66e78-0081-4736-b16a-3289c6e9ff9d": "folders (printed matter)",
        "7f51e78a-19e1-4939-95dc-319afafd7be4": "forms (documents)",
        "8cbcac76-8b67-41c2-b562-64b68bae586a": "formulaire",
        "2be5f8cb-e2bc-4ccc-bd6d-b65dc12ebbe7": "formulieren",
        "05ee7f73-a27c-4482-a888-13c2bd8913b4": "foto's",
        "34c97be3-5c1a-46b0-aab6-b562d019c458": "fotoalbums",
        "d951af28-4b55-4166-9c3d-18da93e8e964": "full-length figures",
        "75ca92ad-0c63-49f0-a5c1-52b225108760": "furniture",
        "cdef1ea7-19a2-4fc3-b42e-525f3e83721c": "getuigschriften",
        "42d6738f-33ae-4305-a3a4-4ccfaafe5c2d": "getuigschriften",
        "59d75536-3307-491b-a0e7-729c2191c2c8": "grand livre",
        "4e87ed5a-0712-4546-be05-f007c7cb558d": "gravures (g\u00e9n\u00e9ral, \u0153uvres visuelles)",
        "9f606d8f-ccbb-4770-8ba0-e039c266b025": "greeting cards",
        "c6d4c438-3124-4d34-9b42-f51ced54e83d": "grootboeken",
        "5a3b5972-e33f-4834-9d1c-8701cceb885f": "half figures",
        "a95fe99f-e106-4ed9-b1a3-7bef284be230": "halffiguren",
        "cafef396-999e-4d43-858c-35d75c8da52f": "handvesten",
        "35883bca-24b6-4a9d-b029-c4060603a0f6": "heads (representations)",
        "b9806423-b616-48f2-b032-57783849b1d7": "identity cards",
        "d6684d42-18ee-4224-bd0d-ba03c472fb29": "installaties (kunstwerken)",
        "fe0be499-d992-41fe-96f6-99fccc6df37e": "installations (visual works)",
        "032bd781-5c7f-4afc-9438-c224e6147a4b": "installations (visual works)",
        "0a611823-3e7f-4518-a55a-ecd3017c231e": "instruments de musique",
        "073de52f-ef35-4bcf-bb42-825928d7d4d6": "insurance policies",
        "c155dcb7-b7e7-43a4-bbb5-cb0e5ef8d9ca": "inventaire",
        "2595d42b-e426-42b4-8cfe-8e19a8e8f96f": "inventarissen",
        "8da411c2-5f6f-4f0e-999b-a6a978459ed4": "inventories",
        "7dbe14fa-e1f8-40d2-affa-83ca6e2ae56f": "invitations",
        "b702db5f-87eb-4217-8e9f-fc92bc54d067": "invitations",
        "f696827c-2992-4864-9ebf-45923987eaea": "jewelry",
        "eb44dfe2-5249-4c72-ad3d-4f0bc7eaa34a": "journal comptable",
        "712b173f-1227-4a4e-8188-4ffdc7d90c90": "kaarten (informatiedragers)",
        "a0650b88-fbd0-4959-905b-844772af7272": "klachtenboek",
        "94118200-dcd7-480b-ad9f-8fcf021a44f7": "kleurendia's",
        "7af50cf3-bdc8-4630-9526-bcccf28f4acc": "kleurenfoto's",
        "f440980b-80e2-4c99-b8fc-64e052843fcd": "kleurennegatieven",
        "26f266d6-c3fd-41ce-a15c-bbb842717a89": "knipsels",
        "0815abee-6e1b-47cf-87f2-2b18940da873": "koppen (figuurvoorstellingen)",
        "49cbf333-3e30-4d7b-8f96-f12f825f2bc1": "kostuums (toneelkleding)",
        "137b3875-bdc2-426b-889c-388cb1ae4395": "kunstvoorwerpen",
        "72832976-44ce-46d7-ae42-abd9059cd336": "kwitanties (financieel document)",
        "43a1af9e-4544-412b-b05b-940a948a4aa2": "ledgers (account books)",
        "08af1669-4d3c-4a5c-a03a-39bec167f4d1": "legitimatiebewijzen",
        "5c9cb007-844c-41e3-bd0f-6ff18367885e": "letter books",
        "36bba009-2509-4117-9768-e62eb8f0092d": "letters (correspondence)",
        "eafe5162-9f72-4d9e-91c6-b19c87faa82b": "lettre",
        "96433c9b-20ff-4e7a-814f-636f0495c155": "libretto's (document genre for music)",
        "3546b8ef-60ec-4d15-ab62-8d60879638a2": "librettos (documents for music)",
        "f1befee6-7cd6-4973-886a-173f72c6bfa1": "lidmaatschapskaarten",
        "eaa87624-c231-4bc5-b3cd-7687183794ba": "liedboeken",
        "f83f96d7-2128-4905-a99f-4a4bdf2381da": "livre en papier",
        "d1683beb-d795-4e2a-8307-210298f0fcd6": "lunettes",
        "d3eb15ad-34c1-476c-834a-3b14232ff4e5": "manuscripten",
        "7da03a8a-abb8-45a1-9770-b238f1c4ddef": "manuscripts (documents)",
        "576a7086-9fc8-41f1-aa66-3fd72188bbde": "manuscrits",
        "a459d3e8-a720-4b3e-9b81-9d697fbeb596": "maquette",
        "a50018e9-8503-4025-9ffa-cdd2b873f79f": "maquettes (beeldhouwwerken)",
        "e063f3e8-8a3b-496e-9255-9027ba012f16": "maquettes (sculptures)",
        "5c0cc1ac-3b87-4ae3-a7e2-6bcf1dc3938d": "maskers (kleding)",
        "2d365167-38a2-4047-9aaf-378d09e6f255": "masks (costume)",
        "234c0642-5668-4482-b94a-8b05c26213ca": "masques (costume)",
        "3b847bc2-1033-441e-9add-1e302e425f42": "masques mortuaires",
        "a6b75c48-8524-492f-aa39-92f9ff284a2f": "medailles",
        "fbee33aa-c403-45ac-909c-94542f349751": "medaillons (medailles)",
        "3d1669cf-f26b-4a38-92e6-8744074eaed8": "medallions (medals)",
        "984e1e87-5acb-45cd-a25d-29ba4c2c4761": "medals",
        "e12a8407-62a0-4c13-bb48-2de41513bcd4": "membership cards",
        "beb0e055-89bd-434b-9d6c-59cc08e5025d": "memorabilia",
        "3767a7bf-e26f-4647-8298-180d47cb8829": "memorabilia",
        "de92203d-8fbb-4055-bbb7-2381b1b8f478": "menu",
        "3c4798bf-0aea-4d49-8d78-2f9b5b743311": "menukaarten",
        "58b2bf05-3d5a-4ad1-910a-df57275a6bf7": "menus",
        "ac1556d1-57dd-45c3-97b4-7533709d3eb2": "messagerie electronique",
        "c1aec185-2684-456a-8592-3da2fd13f93c": "meubilair",
        "f81d1753-4943-4455-8718-45023dc44c7b": "meubles",
        "2a27794e-3cb8-4c0d-8d72-2617348300ff": "musical instruments",
        "8d40b39d-e0ff-4686-8ec6-deb0a1511fc0": "muziekinstrumenten",
        "82196067-8d43-4cbf-8fce-2eba649f8060": "m\u00e9dailles",
        "b6ec9d82-9436-4940-ad3c-d33749dd8830": "necrologie\u00ebn",
        "840475df-d02b-4eee-bf01-09a914188e65": "notarial documents",
        "2fa2dd8d-1921-41aa-903a-c6ebdda82c8b": "notari\u00eble documenten",
        "cbc7c877-e922-4826-956b-5f26b2d9edd1": "note",
        "3dd6a23c-3407-4948-95f7-2ad57a87bb7a": "notebooks",
        "77da37f3-228f-42ca-a481-c394d0b07d68": "notes (documents)",
        "d1e6c657-9914-4b76-aa7a-692768aafaff": "notitieboeken",
        "d2aa0ed3-3291-4c56-9ede-d69ed5b4f723": "n\u00e9gatifs en couleur",
        "73b17d39-b7ec-4933-ae41-44cfe2fe879d": "n\u00e9gatifs en noir et blanc",
        "82765c1a-114a-40e8-8ac9-da318b8dc14c": "obituaries",
        "dd80b6f1-b31e-4c56-9341-6cc159e3da8f": "objets c\u00e9r\u00e9moniels",
        "ebe25d71-bb29-41d9-8d0b-bb5193f14664": "objets d'art",
        "fc8c1978-798f-4a5c-a59c-6745d971d6e3": "objets d'art",
        "e6bddeb3-e8ac-483e-a3e7-7abe61ebe840": "offprints",
        "4c8fc916-5999-4859-a587-11a9676e8a55": "ooglenzen",
        "b76d35cc-2d90-4921-b4ed-a88ee2eadbd6": "opdrachten (documenten)",
        "b525fea0-17f0-4b9d-bd50-111fcab24eac": "ouvrage peint",
        "b59fb248-28c1-4775-b8f3-e51359a21027": "overdrukken (reprografische kopieen)",
        "5167fb06-10e1-453e-8029-3ff6abf8ddac": "paintings (visual works)",
        "84b901ab-9852-4883-89ab-3d794fac91da": "paraplu's",
        "d4cbb761-41c9-44b5-8e1f-fab039de42c5": "parapluie",
        "c8918b99-1583-4c02-b039-83d54378de25": "partition d'orchestre",
        "3e0832e5-6b7c-400f-be11-fcaf7649022b": "partituren",
        "ae309041-46b6-4c3d-9183-5575ad46bc88": "paspoorten",
        "afc92e9f-69b0-4a5a-b7b9-8d43104d70f7": "passeports",
        "7f1ab7cb-bd51-4b48-a3e9-672bbda2a45d": "passports",
        "2eabf628-71ad-4f83-9321-179af5454c29": "periodicals",
        "4284abe5-74f5-4801-96d2-7762a86fe179": "photograph albums",
        "d7553cb8-69d6-4030-b5ae-c074f479c181": "photographies",
        "b705bb9b-a3a0-4ee9-8540-2dde63507776": "photographies en couleur",
        "c169f40d-f08d-4962-a83f-a40b3bdb15cc": "photographies en noir et blanc",
        "618440b3-b329-4df0-8df4-07aabf9d0879": "photographs",
        "e33d43db-2880-46cd-8bb9-c39333db5806": "picture postcards",
        "dcbf36b7-9b13-43f8-9115-9d1e82e5aa99": "plan",
        "69520de6-1093-493b-9c8b-ba8cd1e74865": "plans (maps)",
        "cb4ab955-e263-4c4f-8fe7-d7440edaeb84": "plans (orthographic projections)",
        "dce033a4-1516-4503-9590-b10b26118dd4": "plaques (flat objects)",
        "1fa32960-89cb-4ac4-b7d5-15f9843fece9": "plaques (flat objects)",
        "684dfaf8-e28c-4149-b96c-22f469b6b718": "plaquettes (platte objecten)",
        "20811277-123a-4769-8937-78b6bfcb1e6d": "plattegronden (kaarten)",
        "7c04d925-930e-46bd-a26e-28c28fc6ee5e": "plattegronden (tekeningen)",
        "416eab55-cfe3-4fdd-9443-d4d2bbe32d00": "police d'assurance",
        "184a5dc2-a5aa-48d1-825f-2e33b197cb8d": "portefeuilles (opvouwbare houders)",
        "cbc9a99a-3d5f-4f61-97f5-242a4005324b": "postcards",
        "79d943f4-d643-42e9-8f39-9b176e7add67": "posters",
        "58b21186-f615-4c0b-bda1-5d295d2e7490": "prenten",
        "8d71e081-5c8b-4b6e-89c8-6eb7f56b1629": "prints (visual works)",
        "ded003b4-97c3-4f3b-a6ec-74ecb4391cb1": "programma's",
        "bac56a28-fa2d-4d46-bbb8-d6de7749b72b": "programme",
        "bfe8f85c-b944-4ae1-8e42-e1c2a2dea530": "programs (documents)",
        "6b2a276b-9547-43bd-8ee0-83125ba928d5": "props (object genres)",
        "99384735-bac5-4208-8688-a7b2526a3f02": "prospectus",
        "a3bf1047-9692-4f68-ac21-ef4b6e2f1dc1": "prospectuses",
        "2a3466d5-2d06-4e33-9654-a1e2ab12ff04": "prospectussen",
        "f759b1eb-436f-409f-9041-1efeb58ff60a": "purse",
        "8fd46122-0083-485d-adc1-50f1d4ea556e": "p\u00e9riodique",
        "d4335d8d-464c-4d59-bef2-3cb2534f4d8e": "radiografie\u00ebn",
        "5ca6192e-eb20-409b-bbae-94fd7a63b576": "radiogramme",
        "4673314c-db81-4c24-9ead-df28bdd76cc7": "radiographs",
        "de12be3c-c6a8-4978-bfb1-c72767a3588d": "rapport",
        "bee53afa-de6a-4a62-8153-7d192c433db8": "rapporten",
        "35be336d-2c45-41e3-b797-6a17acf41a23": "receipts (financial records)",
        "c6f45774-3a0a-4030-9151-273d6ebbf0d5": "recueil de chants",
        "e3871fff-c286-4ea9-9277-302b76fc5ee5": "references",
        "5ad0abae-3362-4ce0-8c91-d59ff38bff6b": "registers (journaals)",
        "72cad3ba-afee-41fe-bcdb-0c28c93cad28": "reistassen",
        "723757c9-72b8-4a1e-9b75-664f8845ad78": "rekeningen",
        "156db698-c9da-4917-a0af-642e2fca7f31": "rekwisieten (objectgenres)",
        "36742c8e-1780-45fb-8a8c-4ee6f17ba4ab": "reports",
        "b6c4d8c2-2d7b-4138-967f-53384d57a922": "re\u00e7u",
        "a6147e2a-3081-4508-98a4-36accdaae97f": "sac \u00e0 main",
        "2cdfde9a-1d0d-418d-9889-e1b03c1272bc": "sacs de voyage",
        "129bee19-4f76-4314-a03c-6dad3682ec1d": "sales catalogs",
        "40ce237e-79cf-428f-9e5d-1044797dfa54": "schepenbrief",
        "d8bc727e-d9ce-4a47-a504-aa0a2e1e7372": "schilder- en tekenmateriaal",
        "f980fd90-7cb5-43e0-af46-a9381bef06ba": "schilderingen",
        "a29d6698-36e9-4f53-a96c-40e179b6676a": "schrijfbenodigdheden",
        "a6a97811-40a1-44e7-8671-307b02b37395": "scores (documents for music)",
        "fe882eeb-63c1-4c99-97cc-2fb5e9f65bb4": "scripts",
        "817bf2eb-a5ab-4a20-b91e-4442b3b60092": "scripts (documents)",
        "b3117ac4-3faf-4e2c-86df-f096e345ad00": "sculpture (visual works)",
        "2932eaa3-8064-4176-892a-b1e0e1300d36": "sculpture (\u0153uvres visuelles)",
        "e59d0a6b-8a4d-4572-bcd1-7fa3038c3e43": "seated figures",
        "53f318ba-4279-4ce0-8acf-d65e589b9652": "sepia prints",
        "c0d8feff-1d7c-4c76-b880-d967d6b4b7cb": "sepiadrukken",
        "a7026ef0-4091-4355-944b-68ec10d70cc0": "sieraden",
        "fbf01d89-0e1f-47e9-9864-1522efccec27": "smoking & recreational drug equipment",
        "283c0310-bf25-449e-b3bd-8bb5fd1d1292": "songbooks",
        "ad55eaff-0559-4d00-a81b-06b196aab241": "souvenirs",
        "d95d33dd-28f1-4963-bb28-815ed441346e": "stokken (hulpmiddellen)",
        "8d922e3d-b131-4c7f-a2db-a4c859f5b9a3": "tekeningen",
        "7c7588ba-e7e8-480d-97a1-3ba5c6364488": "telegrammen",
        "aa24fc60-5b3b-4989-ae4e-60912c1c9125": "telegrams",
        "12e3fb94-5395-4c78-b646-2d6da5eb12a4": "telex printouts",
        "022b28f4-fb9b-4cb7-8ee2-15918352d954": "telexuitdraaien",
        "97880514-b338-4fde-bccb-b473feba8197": "ten voeten uit (portretten)",
        "896a428f-3fca-4425-941b-5230369f685c": "tentoonstellingscatalogi",
        "6efe6a6a-16de-4559-b7d7-d03a5740811d": "testament",
        "e518f4cf-dd12-4006-bcd4-44d708280dd1": "testamenten (wilsbeschikkingen)",
        "caa09e94-3f39-4c7a-afde-61317a42e9f2": "testimonials",
        "81b4a999-8c15-4961-880c-73d149d952a2": "testimonials",
        "e17bd791-1fd3-4a8a-8875-e275f2303306": "textielmaterialen",
        "4f1fb786-702e-4a49-a300-8ce3f4648762": "textile materials",
        "bd225815-bd39-4535-a1d1-a75145ac1f2f": "tijdschriften",
        "f927b3c6-a4cd-4805-98e2-064f7a71ede7": "transparanten",
        "5d88541b-7a11-4a73-9c4f-072cdb588111": "transparencies",
        "795d8792-5530-4e12-aaa0-9eb1c91cbd4c": "transparent",
        "39db440b-6d75-43f9-8501-a245a4e32ee9": "traveling bags",
        "f3ea4a4c-eb96-4254-ae3e-a5ee560c503f": "trofee\u00ebn (prijzen)",
        "550fa333-b680-4975-9b2d-c3d145167d99": "trophies (objects)",
        "340fc1a3-bcad-4878-b43f-67761fd94d4c": "t\u00e9l\u00e9copie",
        "66cb351a-5dcb-48b7-a751-e588b1e65c2c": "t\u00e9l\u00e9gramme",
        "a6dc24e0-dc82-41ca-8f83-224a9993b758": "uitnodigingen",
        "3ebf30c0-4399-4854-a0fc-4ec8bfc10db4": "umbrellas",
        "f7aa15b6-f135-4386-ad14-3885867d9c16": "veilingcatalogi",
        "99e349cc-10e7-4231-9b27-aeb0ccf055c4": "verkoopcatalogi",
        "db034130-1277-4c33-b936-10ac4f3a0fed": "verwijzingen (bibliografisch)",
        "c9a8f06a-45b8-4728-8117-2c77b795dec9": "verzekeringspolissen",
        "09c51d0e-2c05-4236-b6f7-03500258d0b0": "video cameras",
        "19cd4abf-d09e-4109-8f83-67a7b56be9a6": "videocamera\u2019s",
        "c15f6035-9052-4405-9cb2-6335dd3700cd": "visitekaartjes",
        "47944b43-9e5a-45e3-9d84-93cf6a933187": "visiting cards",
        "aab67614-c997-4811-9cef-c630ad719be7": "vlaggen",
        "a2f52382-83b9-4f40-a4a9-1417f93eaeac": "vonnissen",
        "1e88c8f2-a7d9-4e18-88c0-3b05fc16762b": "vrachtbrieven",
        "6a7df874-6c92-4b9b-a86c-e1c183e50fd5": "wallets",
        "c3c17525-1639-43fa-8954-caaf89491af2": "wapens",
        "61faaace-95aa-438b-94bd-fabac8b4985d": "waybills",
        "f2a06803-7db1-4f0d-8843-21215358966d": "weapons",
        "e452ed20-5d14-48d6-a1d6-c7e68ff5ea2f": "wenskaarten",
        "4d08332d-43c9-43f7-a45f-9c5a3a2696a6": "werkschriften",
        "a70eea84-891b-45e7-a5f9-d6141fe9629f": "wills",
        "d9db73dc-a4c0-4d41-977b-fed11eb37df5": "writing instruments",
        "6344a402-5af1-4830-bfc2-bc53f9bbee06": "zittende figuren",
        "0eac5877-c0b5-4558-b1b4-e85e02543eb9": "zwart-wit dia's",
        "6e91a4bf-c382-4fd4-9d36-df764f38d90c": "zwart-wit foto's",
        "5cfd5811-fda0-4558-b38a-c7c6e88ec9e4": "zwart-wit negatieven",
        "1690b2a5-f403-4b92-9b05-b761451da46b": "\u00e1lbuns de fotografias",
        "3b47b597-6afb-4474-b1d5-cb89d748482d": "\u00e9quipement pour la consommation de tabac et de substances \u00e0 usage r\u00e9cr\u00e9atif",
        "95f11c52-159e-4f66-a434-f385af4de992": "\u03b1\u03bd\u03c4\u03b9\u03ba\u03b5\u03af\u03bc\u03b5\u03bd\u03bf \u03c6\u03c1\u03bf\u03bd\u03c4\u03b9\u03c3\u03c4\u03b7\u03c1\u03af\u03bf\u03c5",
        "7150fd71-abb2-4ffc-aa4e-23065a36da3e": "\u03b3\u03c5\u03b1\u03bb\u03b9\u03ac",
        "fbd2823e-b5ca-4e0b-9ab6-6f265a502661": "\u03b5\u03bd\u03b4\u03c5\u03bc\u03b1\u03c3\u03af\u03b1",
        "9c74f66a-8172-4f4f-8fea-2c397c8c2881": "\u03ba\u03cc\u03c3\u03bc\u03b7\u03bc\u03b1",
        "e0311f03-761f-4ec1-8b0d-0edaaf537428": "\u03bc\u03ac\u03c3\u03ba\u03b1",
        "e8ca6a3e-259b-42f5-9f49-e5a3efb7c194": "\u03bf\u03bc\u03c0\u03c1\u03ad\u03bb\u03b1",
        "40d2e992-40a3-4274-a483-f207beb1d6e2": "\u03c0\u03bf\u03c1\u03c4\u03bf\u03c6\u03cc\u03bb\u03b9",
        "92a694f6-83c1-4f38-8562-f4818213ab81": "\u03c4\u03c3\u03ac\u03bd\u03c4\u03b1 \u03c4\u03b1\u03be\u03b9\u03b4\u03b9\u03bf\u03cd"
    },
    "Techniek Type": {
        "f373bf70-22e5-439a-bb99-0cd2cae60057": "Aquatinta (printing process)",
        "49e8cae8-903e-4f06-842c-d5d662e8e1c5": "Baxter prints",
        "ce195e86-9d40-4af2-9092-699cc4f4d077": "Baxter-Druck",
        "91497500-d1b2-4c2a-bee8-93c7f4ffde5f": "Baxter-prenten",
        "54746216-bd00-411d-8b0e-c23e292f51eb": "Chromolithographie",
        "f969da83-cfa3-484a-a8de-02a18f55ffeb": "Chromotypografisches Klischee",
        "11e89010-7224-4d9e-8d1d-7ebab8555ffb": "Fotograv\u00fcre (process)",
        "8ac5d607-67a2-4978-a064-571b9506211b": "Fotolithografie",
        "9298ac5a-d9c5-42a1-9374-39ce5b6afcc9": "Grisaillemalerei",
        "cdcc2702-0ce8-446b-9b24-f2441a306a71": "Gummidrucke",
        "f2160a74-4090-49c8-a3d4-06841af090f0": "K\u00fcnstlerpinsel",
        "4cce2918-f03b-4768-a56d-d0a11b968ca9": "Lithographie (process)",
        "0e8965a0-8c49-4a2c-a5e8-2a8de16a7e37": "Schabkunst (process)",
        "c7b7011e-0cf2-4bc1-9a71-2c05b5d2176a": "Seidensiebdruck",
        "e50cade1-50ee-4424-92c9-c40cd9aac429": "Strich\u00e4tzung",
        "771588a4-50d4-47f9-8a88-51053b009a97": "achterglasschildering (glasschilderen)",
        "61f361e1-b46a-4098-9de1-40cf19caae78": "airbrushing",
        "fa1b8230-ffcc-404c-98f3-fc47ad0e62a0": "aquarela",
        "7f557467-cfd2-4ded-bf89-051ff61b2430": "aquarelle (technique)",
        "c6410c17-09b3-42f1-b71d-2053a0f0b5e7": "aquarelleren",
        "51ac694a-9262-4dcb-af85-4c3843e56670": "aquatint",
        "11d6625e-d0c1-400f-9396-70afea3991df": "aquatint (printing process)",
        "4768bc90-e281-472b-b9b4-4c7d712bbd11": "aquatinte (technique d'impression)",
        "b9c33b3b-7f77-4895-a063-18410321ca0c": "artificial patina",
        "2fc6c5a2-e029-4b05-ba10-701a69e28595": "artists' brushes",
        "43477dee-a283-4edc-9317-3e1ec2c120c2": "blauwdrukproced\u00e9",
        "723604c8-5170-4e37-a6e9-2a05f639dc2e": "blocking (surface marking)",
        "17bc1c35-30ea-48a7-aeec-aa0e657a203f": "blueprint process",
        "1441a05f-5909-4db1-87c9-de25e30a3fc0": "born digital",
        "1e5380b9-842d-4819-8c72-857a154dcb10": "born-digital",
        "5b31533a-19c5-4482-99b7-b6c46f29bc84": "camaieu (painting technique)",
        "802b6404-3981-42c1-a1aa-1e4521e8f23f": "casting (process)",
        "69f0cf00-f09d-454b-91df-49ac16cab8f1": "chalk lithography",
        "a6cf0398-e6fa-4e04-b6e9-c8e1c15ee585": "chalk lithography",
        "e83427b5-0a92-4585-a097-826db62ac9b1": "chromolithografie",
        "4d6740e6-2e59-473e-a9ef-5f2d5ea4e7b6": "chromolithografie (proced\u00e9)",
        "9b25a312-148a-40c3-bf13-ee34e11a2002": "chromolithography",
        "79e52b7b-573d-41a2-ad80-fe4bf3e14d78": "chromotypografie (reli\u00ebfafdrukproced\u00e9s)",
        "330aeef6-318c-44ae-8f05-8fec797004da": "chromotypography (relief printing process)",
        "d733c271-a52a-431b-8ee4-0242b8ea0851": "clich\u00e9-verre (fotografisch proced\u00e9)",
        "0b8a2940-f185-43ae-9fbe-d2dc18c05722": "clich\u00e9-verre (photographic process)",
        "8f3b5511-8bdf-4440-a91b-e1a228e8d2ce": "collage (techniek)",
        "a3009ce3-73f3-4db1-9e34-ed53f9ee3661": "collage (technique)",
        "e494d9af-a7f0-4e90-b12a-ed42e43d34fd": "collagrafie",
        "c5473d56-c9fc-4c6c-892a-0aaa9e6b9b98": "collagraph printing",
        "01f971f9-0d3a-4f3e-8584-aeecccf88513": "collotype (process)",
        "071a9855-ae03-4565-92fe-b9d6ff59f8ae": "copper engraving (printing process)",
        "11e2a30b-7157-42d5-8c94-ab39ff110fdd": "counterproving (printing)",
        "4e583b17-4cba-4e5f-871d-0b092b93d282": "drogenaald (drukproced\u00e9)",
        "3481ad5a-f178-4315-957c-a7a31cc7d0a9": "drucken",
        "7f1f95c1-af65-499d-a56b-ee9d77b81915": "drukken",
        "a168a0d5-db33-4411-ac73-bcf57b09ab2c": "drypoint (printing process)",
        "9bb3c914-8316-4575-a05e-6db09ea24215": "emailleren",
        "caf4e397-dd93-44e4-af84-029c8892ba12": "enamel (process)",
        "d33c873c-5d39-40ad-b168-93506901e248": "enameling",
        "7a73c322-4425-44b6-a421-c96d596a7fce": "engraving (printing process)",
        "300a98a2-65bc-41de-8762-cfa60d2aeb40": "etching (printing process)",
        "46fec2ce-2f23-4b92-9d23-51effb207c3d": "etsen (drukproced\u00e9)",
        "467d2da1-a2dd-434f-8897-4aeb22ee9212": "fotogalvanografie",
        "5bdf85fb-c7a4-4912-82bc-b618cb006d45": "fotogravure (proced\u00e9)",
        "1ae9c967-e90c-4eb7-8faa-4ee61099d3be": "fotokopi\u00ebren",
        "9a0dfe33-f71a-4b58-b7fb-0537c78aaf54": "fotolithografie",
        "df882da8-a622-494c-8afd-81111a661446": "gewassen inkt (techniek)",
        "25a4e769-512e-4e23-9763-7b792f72d617": "graffiti art",
        "569bb039-9966-43dd-a3af-825b7e13984f": "graffitikunst",
        "2eca66ab-7d70-4673-b080-e117842506d1": "graveren (drukproced\u00e9)",
        "a509b070-51cf-4123-a5f0-75f7241b533a": "grisaille",
        "c820ffd6-8ea0-40cf-b9f4-2c71ea357815": "grisaille",
        "01372aa2-8480-49ed-b81f-a4418fbcbcd5": "halftoon reli\u00ebfdruk",
        "ed3e2f5c-9ab2-41d1-9b11-3820de8284e1": "handschrift",
        "680802b6-a83f-4c91-97a7-7ab7dbb5c06d": "handwriting",
        "bab05420-b63e-486b-816e-c1bcc01f5f47": "houtgraveren",
        "3b243483-9e4a-4261-ae3d-55ff4a3145a0": "houtsnede (drukproced\u00e9)",
        "6a3cfba1-dc17-4773-84f2-f09c310e37fb": "impression (printing)",
        "ced7affb-71b4-40f2-945c-a6e7b2d7b887": "impression en relief",
        "cc18a27f-2fd8-43de-be74-7e7f5606b5bf": "impression lithographique",
        "78cd36d1-aa2b-4804-b37e-b69a0ea13da1": "impression offset",
        "335cedf3-4c03-4af7-8a08-bfeabfbece27": "infrared photography",
        "94ec41d4-cb69-4093-8556-45dc6b7de583": "infraroodfotografie",
        "55b925e9-3084-4ee1-a745-1de9a943425a": "ink wash (technique)",
        "d0497a2c-29eb-482f-9208-3f229b1a0ddc": "intaglio printing",
        "c627547c-2950-4703-beca-4b868173b747": "intagliodruk",
        "2c3e7adf-4f48-47d0-8c52-7490a8eb72ed": "kopergraveren",
        "c1d903bb-a5b0-4ab3-9fd5-373f811d7d82": "lacquering",
        "3fcd1756-9a0e-49f4-9665-7880ddace809": "lakken",
        "46cd27aa-9895-4f4c-8704-a37510d6a9c8": "lavis (technique)",
        "da54db1e-749f-4f1c-a3b6-46e932cc99b5": "lichtdruk",
        "12c4672b-b447-4fea-9884-488d6fe016b6": "lijnclich\u00e9s",
        "75292a1b-283f-4c8f-ae94-04a9c2409da0": "lijngravure (drukproced\u00e9)",
        "12d2d8ad-b6f4-405b-bca5-7984178b9b12": "line blocks",
        "bcab6270-6471-454b-8445-fe7376ee402d": "line engraving (printing process)",
        "2df7097a-786f-45ce-984b-810b795caf42": "linoleum block printing",
        "eeb450e7-0164-4114-80fd-f31863c42448": "linoleumdruk",
        "02072020-edfa-488b-81f9-01d53989c819": "lithografie (techniek)",
        "b3de0e39-7e1f-418a-b29e-259ca2a3754e": "lithography",
        "0add6302-aed9-458d-8a62-b9a3551cd51b": "mani\u00e8re noire",
        "7d10fcf8-c0e6-4727-9785-4b636795b799": "mezzotint (process)",
        "3b26a813-8c82-4f84-b824-7f90f7bce2d9": "monotype (planographic process)",
        "7d9a0f2f-00aa-431d-9fc9-53be25d15bad": "monotype (proced\u00e9)",
        "f512c93e-ee26-4c0e-a64f-dc716333d56e": "offset printing",
        "e67e5c05-a91e-49b3-bc25-2f9a051080e1": "offsetdrukken",
        "89aae744-6b3c-45c2-a15c-d6cb8103120f": "painting (image-making)",
        "4650deb2-32bb-4edb-8588-85ee81e6a78e": "patina (kleur)",
        "763a590d-a810-41e9-b541-f0cd06cf92ab": "pennen",
        "bae4cef8-9121-4ad2-98a9-410942ccbdb7": "pens (drawing and writing implements)",
        "7f14e283-da9d-4d1b-b7b3-296c81772464": "photocopying",
        "e247c457-a9c1-4ca0-aaab-40435e79522d": "photogalvanography",
        "10e7b0ff-1535-4428-93e4-5062e096c156": "photogravure (process)",
        "50461b41-5bc0-4305-a356-8bc024f957bb": "photogravure (process)",
        "4c3d201f-7bc8-4218-b149-dc500b1f4425": "photolithographie",
        "6667554b-0f5f-47d2-81e8-4d4cc4ec1ef1": "photolithography",
        "67004a11-8f43-4d08-a554-d38c69b018aa": "pinceau \u00e0 tableau",
        "a65f5dda-fc58-4e5c-bbaf-29a35daac5bf": "plume \u00e0 \u00e9crire",
        "89ad732f-532a-4ed4-934e-496612bb06f2": "polijsten",
        "17f3a2bc-d4dd-4485-86bf-38501bb06a50": "polishing",
        "e5b0f1ae-12b3-4c95-b1fc-0d7bdaec6f92": "printing (process)",
        "352c564c-eeb8-404d-8117-1ac4227ae65b": "rasterdruk (drukproces)",
        "1e1ee664-caea-4fa4-a5ad-8d235cf0c22e": "relief halftone (process)",
        "414891fc-ad91-43d7-8c1b-0b1526c1fd9e": "relief printing",
        "1427364a-95e4-4847-9db4-136cb5c5fae0": "reli\u00ebfdruk",
        "96d6c9e7-623f-41ce-9755-91ffc816f509": "reverse painting on glass (image-making)",
        "f422fece-4ea5-493c-b8c4-e5f184430f15": "rotogravure",
        "9d0ca450-d90b-4209-b150-2a840e53d082": "rotogravure",
        "811034b1-3337-4413-bfca-2febb597058e": "schilderen (kunst)",
        "52732888-c336-4a1e-b525-9d1a98e1317d": "schilderspenselen",
        "152149bf-a88b-41ce-9b9d-3ec1fe7fb891": "screen printing",
        "1f6e81b2-d305-436d-87e2-47ef12cddaac": "silvering",
        "d5aad979-dd01-4e8f-a1ae-c75205c82453": "soft-ground etching (process)",
        "2680499d-401a-49fb-9232-5968843e8f6b": "spuitlakken",
        "d9897bac-a7d0-4501-9057-9e38659ca73d": "staal graveren",
        "4214c03d-0402-4294-b4bb-df4b4bb87ca2": "steel engraving (printing process)",
        "419e49a7-2f8b-471b-aecc-6f887d5eef6a": "stempelen",
        "3bdccbc8-e6bc-4203-a080-abc254d721b7": "stencildrukken",
        "bf64ca8e-3863-458c-a102-1c4db653d491": "stenciling (process)",
        "33a57a55-4851-47a8-a973-1cbd34b49f7d": "stippelgraveren",
        "ae16f2f0-1cc5-4971-8d11-72e114636f17": "stipple engraving (printing process)",
        "b7aac9d9-50ae-42fb-92b5-c41b3e0484d2": "s\u00e9rigraphie",
        "00e78fc9-22a6-4f37-af09-e8ed01c30c88": "tegendrukken",
        "9c05596b-7573-48a8-956c-a194a4417e3a": "typen",
        "2fcb9dd5-bb24-4fe4-9495-ea5308da21ab": "typewriting",
        "07c23b58-9d80-4f1f-b070-0c3576bf1ff1": "verdigris (color)",
        "1be2e391-530a-4445-a457-58f88d4e71cc": "vernis mou (drukproced\u00e9)",
        "8711c2f6-9d37-4d7e-af22-9f000a37576e": "verzilveren",
        "5644ee1a-73cf-464f-83b3-b3852d036236": "vormgieten",
        "303b484a-e072-4bce-b1dd-bcf50dab31c9": "wood engraving (process)",
        "49a87762-1ef4-49ca-9799-6ae3c89b1c5a": "woodcut (process)",
        "bde652e3-4376-4323-bab1-903299648429": "zincography",
        "b1b76253-6d76-4516-904d-ebddcf3d62ae": "zinkografie",
        "c974f3b9-ca8f-4075-b1c0-daf625bc26ab": "zwarte kunst",
        "2c4ef2a0-bd08-4e53-a67a-a53cd2271864": "\u00e1gua-tinta"
    },
    "Record Type": {
        "e28c0e1f-0bbf-4091-9c9e-dab4e79d39eb": "Affiches",
        "94dc72b1-3cc7-4f7e-9dbe-baa070ceb344": "Akten",
        "072f70a9-bc9d-4a34-a361-6737a3a97dab": "Aquarellen",
        "b5dfc1e6-4c9f-4699-ab83-f4c272a8f22d": "Beeldhouwwerken",
        "7516de2a-77f7-4c2c-a573-e42e288250ef": "Brieven",
        "0e66416e-9586-49ed-9d3b-68df05528bfe": "Documentatiemappen",
        "322d0e28-d230-4c3a-96e9-0f6654b28ab6": "Documenten",
        "c1b2c8e4-d2aa-4915-a618-e6b196b57cc8": "Foto's",
        "18c719cb-fd16-437d-9815-323466b928e3": "Handschriften",
        "db234ef8-8933-4173-a58c-3108bed180a3": "Objecten archief Grossmann",
        "a60f8ac7-b6cd-416a-a827-17ba8c17cc48": "Prenten",
        "6eb98a4e-b0fe-4b3f-96ef-6758608dbe35": "Registers",
        "81aa277d-1554-42dd-ab20-bb9f4f618e34": "Schilderijen",
        "aeda5621-bda9-4df0-bfa3-9c143bd47338": "Tekeningen",
        "188c3028-7704-42bc-92ea-bab589b7cf09": "Voorwerpen"
    },
    "Titel Type": {
        "717c7ea5-1562-4ed4-93a8-27d92aa2986c": "Incipit",
        "09bf0120-d267-4617-ae71-c83dca2c7598": "collective titles",
        "b2df1edf-b287-4512-bae2-403cc60774d1": "incipits",
        "97ca8dc5-9ffc-4512-89c2-9695b86ad047": "incipits",
        "0ad71cae-339d-46a4-8ffe-8dcbc7297238": "published titles",
        "2cd9e9a8-036b-4a0d-8b3d-0f01131ef6b8": "titles proper"
    },
    "Resource to Resource Relationship Types": {
        "ac41d9be-79db-4256-b368-2f4559cfbe55": "is related to"
    }
}